{"v":"5.8.1","fr":29.9700012207031,"ip":0,"op":114.000004643315,"w":701,"h":483,"nm":"Updating Style 3","ddd":0,"assets":[],"layers":[{"ddd":0,"ind":1,"ty":4,"nm":"Layer 12 Outlines 2","sr":1,"ks":{"o":{"a":0,"k":100,"ix":11},"r":{"a":1,"k":[{"i":{"x":[0.833],"y":[0.833]},"o":{"x":[0.167],"y":[0.167]},"t":0,"s":[0]},{"t":114.000004643315,"s":[540]}],"ix":10},"p":{"a":0,"k":[124.714,301.967,0],"ix":2,"l":2},"a":{"a":0,"k":[56.634,56.634,0],"ix":1,"l":2},"s":{"a":0,"k":[70,70,100],"ix":6,"l":2}},"ao":0,"shapes":[{"ty":"gr","it":[{"ind":0,"ty":"sh","ix":1,"ks":{"a":0,"k":{"i":[[1.84,14.74],[-14.741,1.84],[-1.84,-14.741],[14.741,-1.84]],"o":[[-1.84,-14.74],[14.741,-1.84],[1.84,14.74],[-14.741,1.84]],"v":[[-26.691,3.331],[-3.331,-26.69],[26.691,-3.332],[3.332,26.689]],"c":true},"ix":2},"nm":"Path 1","mn":"ADBE Vector Shape - Group","hd":false},{"ty":"fl","c":{"a":0,"k":[0.123237617343,0.30141583611,0.568718584846,1],"ix":4},"o":{"a":0,"k":100,"ix":5},"r":1,"bm":0,"nm":"Fill 1","mn":"ADBE Vector Graphic - Fill","hd":false},{"ty":"tr","p":{"a":0,"k":[56.633,56.635],"ix":2},"a":{"a":0,"k":[0,0],"ix":1},"s":{"a":0,"k":[100,100],"ix":3},"r":{"a":0,"k":0,"ix":6},"o":{"a":0,"k":100,"ix":7},"sk":{"a":0,"k":0,"ix":4},"sa":{"a":0,"k":0,"ix":5},"nm":"Transform"}],"nm":"Group 1","np":2,"cix":2,"bm":0,"ix":1,"mn":"ADBE Vector Group","hd":false},{"ty":"gr","it":[{"ind":0,"ty":"sh","ix":1,"ks":{"a":0,"k":{"i":[[2.45,19.631],[-19.633,2.451],[-2.45,-19.632],[19.633,-2.45]],"o":[[-2.451,-19.631],[19.632,-2.45],[2.451,19.631],[-19.632,2.451]],"v":[[-35.547,4.437],[-4.436,-35.546],[35.548,-4.437],[4.436,35.545]],"c":true},"ix":2},"nm":"Path 1","mn":"ADBE Vector Shape - Group","hd":false},{"ty":"fl","c":{"a":0,"k":[0.970616718367,0.977253693225,0.981041882085,1],"ix":4},"o":{"a":0,"k":100,"ix":5},"r":1,"bm":0,"nm":"Fill 1","mn":"ADBE Vector Graphic - Fill","hd":false},{"ty":"tr","p":{"a":0,"k":[56.634,56.635],"ix":2},"a":{"a":0,"k":[0,0],"ix":1},"s":{"a":0,"k":[100,100],"ix":3},"r":{"a":0,"k":0,"ix":6},"o":{"a":0,"k":100,"ix":7},"sk":{"a":0,"k":0,"ix":4},"sa":{"a":0,"k":0,"ix":5},"nm":"Transform"}],"nm":"Group 2","np":2,"cix":2,"bm":0,"ix":2,"mn":"ADBE Vector Group","hd":false},{"ty":"gr","it":[{"ind":0,"ty":"sh","ix":1,"ks":{"a":0,"k":{"i":[[-0.674,-0.273],[-0.708,-5.668],[4.292,-3.157],[-0.277,-0.675],[-2.789,-3.733],[-0.672,0.283],[-4.506,-3.506],[0.803,-5.267],[-0.672,-0.279],[-4.712,-0.683],[-0.274,0.674],[-5.665,0.707],[-3.157,-4.295],[-0.672,0.277],[-3.73,2.788],[0.282,0.671],[-3.508,4.505],[-5.267,-0.802],[-0.279,0.672],[-0.68,4.712],[0.676,0.273],[0.707,5.665],[-4.295,3.16],[0.281,0.675],[2.789,3.733],[0.672,-0.283],[4.506,3.506],[-0.803,5.268],[0.673,0.281],[4.712,0.683],[0.276,-0.675],[5.668,-0.707],[3.16,4.294],[0.675,-0.278],[3.731,-2.792],[-0.283,-0.672],[3.505,-4.505],[5.271,0.802],[0.279,-0.672],[0.684,-4.712]],"o":[[4.937,2.005],[0.707,5.668],[-0.586,0.431],[1.821,4.4],[0.436,0.583],[4.911,-2.073],[4.505,3.505],[-0.108,0.721],[4.304,1.788],[0.723,0.103],[2.007,-4.939],[5.668,-0.707],[0.434,0.586],[4.4,-1.821],[0.583,-0.439],[-2.076,-4.909],[3.505,-4.506],[0.721,0.109],[1.785,-4.304],[0.107,-0.723],[-4.94,-2.008],[-0.707,-5.665],[0.589,-0.431],[-1.818,-4.4],[-0.436,-0.583],[-4.909,2.072],[-4.508,-3.505],[0.109,-0.721],[-4.301,-1.786],[-0.72,-0.104],[-2.005,4.939],[-5.665,0.707],[-0.431,-0.586],[-4.4,1.821],[-0.582,0.435],[2.07,4.909],[-3.505,4.506],[-0.72,-0.109],[-1.786,4.304],[-0.103,0.723]],"v":[[-55.318,-6.487],[-45.937,5.734],[-52.026,19.887],[-52.542,21.773],[-45.583,34.007],[-43.701,34.526],[-28.429,36.535],[-22.729,50.845],[-21.76,52.541],[-8.193,56.281],[-6.49,55.319],[5.73,45.934],[19.885,52.026],[21.773,52.541],[34.005,45.583],[34.526,43.699],[36.534,28.426],[50.844,22.725],[52.544,21.757],[56.277,8.19],[55.315,6.488],[45.933,-5.733],[52.023,-19.886],[52.537,-21.772],[45.583,-34.006],[43.698,-34.525],[28.425,-36.535],[22.722,-50.844],[21.755,-52.543],[8.19,-56.28],[6.487,-55.318],[-5.737,-45.934],[-19.888,-52.026],[-21.776,-52.54],[-34.007,-45.579],[-34.526,-43.698],[-36.538,-28.426],[-50.848,-22.725],[-52.544,-21.758],[-56.281,-8.189]],"c":true},"ix":2},"nm":"Path 1","mn":"ADBE Vector Shape - Group","hd":false},{"ty":"fl","c":{"a":0,"k":[0.123237617343,0.30141583611,0.568718584846,1],"ix":4},"o":{"a":0,"k":100,"ix":5},"r":1,"bm":0,"nm":"Fill 1","mn":"ADBE Vector Graphic - Fill","hd":false},{"ty":"tr","p":{"a":0,"k":[56.634,56.635],"ix":2},"a":{"a":0,"k":[0,0],"ix":1},"s":{"a":0,"k":[100,100],"ix":3},"r":{"a":0,"k":0,"ix":6},"o":{"a":0,"k":100,"ix":7},"sk":{"a":0,"k":0,"ix":4},"sa":{"a":0,"k":0,"ix":5},"nm":"Transform"}],"nm":"Group 3","np":2,"cix":2,"bm":0,"ix":3,"mn":"ADBE Vector Group","hd":false}],"ip":0,"op":114.000004643315,"st":0,"bm":0},{"ddd":0,"ind":2,"ty":4,"nm":"Layer 12 Outlines","sr":1,"ks":{"o":{"a":0,"k":100,"ix":11},"r":{"a":1,"k":[{"i":{"x":[0.833],"y":[0.833]},"o":{"x":[0.167],"y":[0.167]},"t":0,"s":[0]},{"t":114.000004643315,"s":[-360]}],"ix":10},"p":{"a":0,"k":[86.714,190.967,0],"ix":2,"l":2},"a":{"a":0,"k":[56.634,56.634,0],"ix":1,"l":2},"s":{"a":0,"k":[100,100,100],"ix":6,"l":2}},"ao":0,"shapes":[{"ty":"gr","it":[{"ind":0,"ty":"sh","ix":1,"ks":{"a":0,"k":{"i":[[1.84,14.74],[-14.741,1.84],[-1.84,-14.741],[14.741,-1.84]],"o":[[-1.84,-14.74],[14.741,-1.84],[1.84,14.74],[-14.741,1.84]],"v":[[-26.691,3.331],[-3.331,-26.69],[26.691,-3.332],[3.332,26.689]],"c":true},"ix":2},"nm":"Path 1","mn":"ADBE Vector Shape - Group","hd":false},{"ty":"fl","c":{"a":0,"k":[0.123237617343,0.30141583611,0.568718584846,1],"ix":4},"o":{"a":0,"k":100,"ix":5},"r":1,"bm":0,"nm":"Fill 1","mn":"ADBE Vector Graphic - Fill","hd":false},{"ty":"tr","p":{"a":0,"k":[56.633,56.635],"ix":2},"a":{"a":0,"k":[0,0],"ix":1},"s":{"a":0,"k":[100,100],"ix":3},"r":{"a":0,"k":0,"ix":6},"o":{"a":0,"k":100,"ix":7},"sk":{"a":0,"k":0,"ix":4},"sa":{"a":0,"k":0,"ix":5},"nm":"Transform"}],"nm":"Group 1","np":2,"cix":2,"bm":0,"ix":1,"mn":"ADBE Vector Group","hd":false},{"ty":"gr","it":[{"ind":0,"ty":"sh","ix":1,"ks":{"a":0,"k":{"i":[[2.45,19.631],[-19.633,2.451],[-2.45,-19.632],[19.633,-2.45]],"o":[[-2.451,-19.631],[19.632,-2.45],[2.451,19.631],[-19.632,2.451]],"v":[[-35.547,4.437],[-4.436,-35.546],[35.548,-4.437],[4.436,35.545]],"c":true},"ix":2},"nm":"Path 1","mn":"ADBE Vector Shape - Group","hd":false},{"ty":"fl","c":{"a":0,"k":[0.970616718367,0.977253693225,0.981041882085,1],"ix":4},"o":{"a":0,"k":100,"ix":5},"r":1,"bm":0,"nm":"Fill 1","mn":"ADBE Vector Graphic - Fill","hd":false},{"ty":"tr","p":{"a":0,"k":[56.634,56.635],"ix":2},"a":{"a":0,"k":[0,0],"ix":1},"s":{"a":0,"k":[100,100],"ix":3},"r":{"a":0,"k":0,"ix":6},"o":{"a":0,"k":100,"ix":7},"sk":{"a":0,"k":0,"ix":4},"sa":{"a":0,"k":0,"ix":5},"nm":"Transform"}],"nm":"Group 2","np":2,"cix":2,"bm":0,"ix":2,"mn":"ADBE Vector Group","hd":false},{"ty":"gr","it":[{"ind":0,"ty":"sh","ix":1,"ks":{"a":0,"k":{"i":[[-0.674,-0.273],[-0.708,-5.668],[4.292,-3.157],[-0.277,-0.675],[-2.789,-3.733],[-0.672,0.283],[-4.506,-3.506],[0.803,-5.267],[-0.672,-0.279],[-4.712,-0.683],[-0.274,0.674],[-5.665,0.707],[-3.157,-4.295],[-0.672,0.277],[-3.73,2.788],[0.282,0.671],[-3.508,4.505],[-5.267,-0.802],[-0.279,0.672],[-0.68,4.712],[0.676,0.273],[0.707,5.665],[-4.295,3.16],[0.281,0.675],[2.789,3.733],[0.672,-0.283],[4.506,3.506],[-0.803,5.268],[0.673,0.281],[4.712,0.683],[0.276,-0.675],[5.668,-0.707],[3.16,4.294],[0.675,-0.278],[3.731,-2.792],[-0.283,-0.672],[3.505,-4.505],[5.271,0.802],[0.279,-0.672],[0.684,-4.712]],"o":[[4.937,2.005],[0.707,5.668],[-0.586,0.431],[1.821,4.4],[0.436,0.583],[4.911,-2.073],[4.505,3.505],[-0.108,0.721],[4.304,1.788],[0.723,0.103],[2.007,-4.939],[5.668,-0.707],[0.434,0.586],[4.4,-1.821],[0.583,-0.439],[-2.076,-4.909],[3.505,-4.506],[0.721,0.109],[1.785,-4.304],[0.107,-0.723],[-4.94,-2.008],[-0.707,-5.665],[0.589,-0.431],[-1.818,-4.4],[-0.436,-0.583],[-4.909,2.072],[-4.508,-3.505],[0.109,-0.721],[-4.301,-1.786],[-0.72,-0.104],[-2.005,4.939],[-5.665,0.707],[-0.431,-0.586],[-4.4,1.821],[-0.582,0.435],[2.07,4.909],[-3.505,4.506],[-0.72,-0.109],[-1.786,4.304],[-0.103,0.723]],"v":[[-55.318,-6.487],[-45.937,5.734],[-52.026,19.887],[-52.542,21.773],[-45.583,34.007],[-43.701,34.526],[-28.429,36.535],[-22.729,50.845],[-21.76,52.541],[-8.193,56.281],[-6.49,55.319],[5.73,45.934],[19.885,52.026],[21.773,52.541],[34.005,45.583],[34.526,43.699],[36.534,28.426],[50.844,22.725],[52.544,21.757],[56.277,8.19],[55.315,6.488],[45.933,-5.733],[52.023,-19.886],[52.537,-21.772],[45.583,-34.006],[43.698,-34.525],[28.425,-36.535],[22.722,-50.844],[21.755,-52.543],[8.19,-56.28],[6.487,-55.318],[-5.737,-45.934],[-19.888,-52.026],[-21.776,-52.54],[-34.007,-45.579],[-34.526,-43.698],[-36.538,-28.426],[-50.848,-22.725],[-52.544,-21.758],[-56.281,-8.189]],"c":true},"ix":2},"nm":"Path 1","mn":"ADBE Vector Shape - Group","hd":false},{"ty":"fl","c":{"a":0,"k":[0.123237617343,0.30141583611,0.568718584846,1],"ix":4},"o":{"a":0,"k":100,"ix":5},"r":1,"bm":0,"nm":"Fill 1","mn":"ADBE Vector Graphic - Fill","hd":false},{"ty":"tr","p":{"a":0,"k":[56.634,56.635],"ix":2},"a":{"a":0,"k":[0,0],"ix":1},"s":{"a":0,"k":[100,100],"ix":3},"r":{"a":0,"k":0,"ix":6},"o":{"a":0,"k":100,"ix":7},"sk":{"a":0,"k":0,"ix":4},"sa":{"a":0,"k":0,"ix":5},"nm":"Transform"}],"nm":"Group 3","np":2,"cix":2,"bm":0,"ix":3,"mn":"ADBE Vector Group","hd":false}],"ip":0,"op":114.000004643315,"st":0,"bm":0},{"ddd":0,"ind":3,"ty":4,"nm":"Layer 3 Outlines","sr":1,"ks":{"o":{"a":0,"k":100,"ix":11},"r":{"a":1,"k":[{"i":{"x":[0.833],"y":[0.833]},"o":{"x":[0.167],"y":[0.167]},"t":0,"s":[0]},{"t":114.000004643315,"s":[180]}],"ix":10},"p":{"a":0,"k":[333.704,210.15,0],"ix":2,"l":2},"a":{"a":0,"k":[101.867,101.865,0],"ix":1,"l":2},"s":{"a":0,"k":[100,100,100],"ix":6,"l":2}},"ao":0,"shapes":[{"ty":"gr","it":[{"ind":0,"ty":"sh","ix":1,"ks":{"a":0,"k":{"i":[[-8.075,-9.9],[-0.157,-0.198],[-0.419,-0.598],[-0.631,-1.071],[-0.915,-2.626],[-0.244,-0.885],[-0.154,-0.704],[0.273,-4.054],[0.025,-0.296],[12.466,-7.325],[8.33,0.562],[0.888,0.115],[1.162,0.249],[0.001,-0.002],[0.574,0.148],[0.002,-0.001],[0.566,0.174],[0,0],[1.631,0.726],[0.002,-0.002],[4.344,5.333],[0.141,0.177],[0.448,0.635],[0.615,1.046],[0.806,2.021],[0.407,1.474],[0.139,0.594],[0.146,0.897],[0.03,2.096],[0,0],[-0.018,0.595],[-0.016,0.298],[-0.097,0.884],[-0.04,0.296],[-0.249,1.162],[-0.15,0.576],[-0.172,0.568],[-0.311,0.837],[-0.229,0.547],[-0.4,0.803],[-0.288,0.523],[-6.937,4.078],[-0.847,0.426],[-0.572,0.257],[-0.287,0.122],[-5.973,-0.156]],"o":[[0.158,0.196],[0.446,0.569],[0.707,0.996],[1.461,2.488],[0.306,0.874],[0.195,0.702],[0.907,4.045],[-0.021,0.296],[-1.179,13.383],[-7.742,4.549],[-0.891,-0.061],[-1.181,-0.152],[0,-0.004],[-0.583,-0.123],[0,0],[-0.577,-0.146],[0,0],[-1.706,-0.514],[0,-0.004],[-6.022,-2.674],[-0.142,-0.175],[-0.476,-0.601],[-0.687,-0.976],[-1.136,-1.936],[-0.574,-1.443],[-0.163,-0.593],[-0.206,-0.889],[-0.346,-2.088],[0,-0.004],[-0.009,-0.598],[0.009,-0.299],[0.04,-0.896],[0.034,-0.298],[0.152,-1.181],[0.128,-0.58],[0.148,-0.575],[0.258,-0.855],[0.207,-0.558],[0.348,-0.825],[0.262,-0.536],[3.603,-6.577],[0.829,-0.487],[0.564,-0.285],[0.287,-0.13],[5.75,-2.435],[12.262,0.313]],"v":[[33.301,-27.242],[33.776,-26.65],[35.08,-24.899],[37.087,-21.796],[40.647,-14.107],[41.471,-11.469],[41.995,-9.362],[42.927,2.852],[42.856,3.744],[21.796,37.084],[-2.856,42.924],[-5.525,42.66],[-9.039,42.057],[-9.04,42.055],[-10.774,41.645],[-10.776,41.643],[-12.491,41.162],[-12.493,41.161],[-17.506,39.297],[-17.508,39.295],[-33.324,27.212],[-33.748,26.682],[-35.133,24.826],[-37.087,21.795],[-39.999,15.849],[-41.471,11.468],[-41.924,9.691],[-42.454,7.011],[-43.017,0.728],[-43.019,0.726],[-43.009,-1.067],[-42.976,-1.963],[-42.77,-4.634],[-42.661,-5.524],[-42.058,-9.038],[-41.644,-10.775],[-41.163,-12.49],[-40.308,-15.027],[-39.653,-16.684],[-38.534,-19.126],[-37.707,-20.713],[-21.795,-37.086],[-19.28,-38.456],[-17.575,-39.266],[-16.715,-39.64],[1.069,-43.009]],"c":true},"ix":2},"nm":"Path 1","mn":"ADBE Vector Shape - Group","hd":false},{"ind":1,"ty":"sh","ix":2,"ks":{"a":0,"k":{"i":[[31.048,-18.242],[-18.244,-31.043],[-31.045,18.246],[18.244,31.043]],"o":[[-31.043,18.248],[18.246,31.045],[31.043,-18.247],[-18.246,-31.044]],"v":[[-33.037,-56.213],[-56.214,33.036],[33.035,56.209],[56.214,-33.038]],"c":true},"ix":2},"nm":"Path 2","mn":"ADBE Vector Shape - Group","hd":false},{"ty":"mm","mm":1,"nm":"Merge Paths 1","mn":"ADBE Vector Filter - Merge","hd":false},{"ty":"fl","c":{"a":0,"k":[0.970616718367,0.977253693225,0.981041882085,1],"ix":4},"o":{"a":0,"k":100,"ix":5},"r":1,"bm":0,"nm":"Fill 1","mn":"ADBE Vector Graphic - Fill","hd":false},{"ty":"tr","p":{"a":0,"k":[101.869,101.866],"ix":2},"a":{"a":0,"k":[0,0],"ix":1},"s":{"a":0,"k":[100,100],"ix":3},"r":{"a":0,"k":0,"ix":6},"o":{"a":0,"k":100,"ix":7},"sk":{"a":0,"k":0,"ix":4},"sa":{"a":0,"k":0,"ix":5},"nm":"Transform"}],"nm":"Group 1","np":4,"cix":2,"bm":0,"ix":1,"mn":"ADBE Vector Group","hd":false},{"ty":"gr","it":[{"ind":0,"ty":"sh","ix":1,"ks":{"a":0,"k":{"i":[[1.299,-0.028],[5.171,8.798],[-4.808,8.217],[0.934,0.911],[7.217,4.151],[0.902,-0.939],[9.872,2.564],[2.411,9.21],[1.3,-0.018],[8.214,-2.213],[-0.028,-1.299],[8.795,-5.168],[8.219,4.812],[0.907,-0.931],[4.147,-7.215],[-0.939,-0.902],[2.567,-9.874],[9.21,-2.411],[-0.018,-1.3],[-2.217,-8.213],[-1.304,0.031],[-5.169,-8.794],[4.81,-8.223],[-0.937,-0.908],[-7.217,-4.151],[-0.902,0.94],[-9.872,-2.564],[-2.411,-9.209],[-1.303,0.013],[-8.215,2.213],[0.024,1.302],[-8.798,5.171],[-8.223,-4.81],[-0.911,0.933],[-4.145,7.219],[0.94,0.902],[-2.564,9.872],[-9.214,2.413],[0.018,1.3],[2.213,8.215]],"o":[[-9.518,0.203],[-5.171,-8.799],[0.657,-1.121],[-6.1,-5.93],[-1.128,-0.648],[-6.591,6.876],[-9.872,-2.563],[-0.331,-1.259],[-8.327,0.111],[-1.259,0.342],[0.201,9.524],[-8.798,5.172],[-1.126,-0.654],[-5.93,6.101],[-0.645,1.131],[6.878,6.584],[-2.563,9.872],[-1.26,0.331],[0.116,8.325],[0.337,1.261],[9.524,-0.201],[5.169,8.795],[-0.661,1.124],[6.097,5.933],[1.127,0.648],[6.587,-6.873],[9.876,2.561],[0.331,1.26],[8.321,-0.113],[1.255,-0.339],[-0.206,-9.522],[8.795,-5.169],[1.121,0.657],[5.93,-6.101],[0.648,-1.127],[-6.869,-6.59],[2.563,-9.872],[1.26,-0.331],[-0.115,-8.325],[-0.342,-1.258]],"v":[[95.347,-28.495],[71.309,-41.906],[71.286,-69.433],[70.795,-72.893],[50.725,-88.04],[47.268,-87.562],[20.791,-80.052],[1.314,-99.495],[-1.474,-101.594],[-26.38,-98.13],[-28.493,-95.346],[-41.903,-71.305],[-69.436,-71.284],[-72.896,-70.792],[-88.043,-50.721],[-87.563,-47.26],[-80.052,-20.784],[-99.495,-1.306],[-101.599,1.484],[-98.126,26.385],[-95.342,28.497],[-71.304,41.91],[-71.282,69.437],[-70.791,72.897],[-50.724,88.046],[-47.263,87.565],[-20.787,80.056],[-1.305,99.496],[1.485,101.599],[26.385,98.134],[28.498,95.35],[41.911,71.305],[69.441,71.286],[72.901,70.796],[88.041,50.723],[87.563,47.267],[80.057,20.788],[99.5,1.31],[101.599,-1.477],[98.131,-26.382]],"c":true},"ix":2},"nm":"Path 1","mn":"ADBE Vector Shape - Group","hd":false},{"ty":"fl","c":{"a":0,"k":[0.123237617343,0.30141583611,0.568718584846,1],"ix":4},"o":{"a":0,"k":100,"ix":5},"r":1,"bm":0,"nm":"Fill 1","mn":"ADBE Vector Graphic - Fill","hd":false},{"ty":"tr","p":{"a":0,"k":[101.867,101.863],"ix":2},"a":{"a":0,"k":[0,0],"ix":1},"s":{"a":0,"k":[100,100],"ix":3},"r":{"a":0,"k":0,"ix":6},"o":{"a":0,"k":100,"ix":7},"sk":{"a":0,"k":0,"ix":4},"sa":{"a":0,"k":0,"ix":5},"nm":"Transform"}],"nm":"Group 2","np":2,"cix":2,"bm":0,"ix":2,"mn":"ADBE Vector Group","hd":false}],"ip":0,"op":114.000004643315,"st":0,"bm":0},{"ddd":0,"ind":4,"ty":4,"nm":"Layer 4 Outlines 2","sr":1,"ks":{"o":{"a":0,"k":100,"ix":11},"r":{"a":1,"k":[{"i":{"x":[0.833],"y":[0.833]},"o":{"x":[0.167],"y":[0.167]},"t":0,"s":[0]},{"t":114.000004643315,"s":[540]}],"ix":10},"p":{"a":0,"k":[538.577,109.414,0],"ix":2,"l":2},"a":{"a":0,"k":[75.479,75.479,0],"ix":1,"l":2},"s":{"a":0,"k":[70,70,100],"ix":6,"l":2}},"ao":0,"shapes":[{"ty":"gr","it":[{"ind":0,"ty":"sh","ix":1,"ks":{"a":0,"k":{"i":[[-2.41,-19.678],[19.68,-2.41],[2.409,19.678],[-19.68,2.41]],"o":[[2.409,19.678],[-19.679,2.409],[-2.41,-19.679],[19.68,-2.41]],"v":[[35.634,-4.363],[4.362,35.632],[-35.633,4.363],[-4.363,-35.63]],"c":true},"ix":2},"nm":"Path 1","mn":"ADBE Vector Shape - Group","hd":false},{"ty":"fl","c":{"a":0,"k":[0.123237617343,0.30141583611,0.568718584846,1],"ix":4},"o":{"a":0,"k":100,"ix":5},"r":1,"bm":0,"nm":"Fill 1","mn":"ADBE Vector Graphic - Fill","hd":false},{"ty":"tr","p":{"a":0,"k":[75.479,75.479],"ix":2},"a":{"a":0,"k":[0,0],"ix":1},"s":{"a":0,"k":[100,100],"ix":3},"r":{"a":0,"k":0,"ix":6},"o":{"a":0,"k":100,"ix":7},"sk":{"a":0,"k":0,"ix":4},"sa":{"a":0,"k":0,"ix":5},"nm":"Transform"}],"nm":"Group 1","np":2,"cix":2,"bm":0,"ix":1,"mn":"ADBE Vector Group","hd":false},{"ty":"gr","it":[{"ind":0,"ty":"sh","ix":1,"ks":{"a":0,"k":{"i":[[-3.209,-26.208],[26.209,-3.209],[3.209,26.208],[-26.209,3.209]],"o":[[3.209,26.208],[-26.21,3.21],[-3.209,-26.208],[26.21,-3.209]],"v":[[47.457,-5.811],[5.81,47.453],[-47.457,5.81],[-5.811,-47.454]],"c":true},"ix":2},"nm":"Path 1","mn":"ADBE Vector Shape - Group","hd":false},{"ty":"fl","c":{"a":0,"k":[0.970616718367,0.977253693225,0.981041882085,1],"ix":4},"o":{"a":0,"k":100,"ix":5},"r":1,"bm":0,"nm":"Fill 1","mn":"ADBE Vector Graphic - Fill","hd":false},{"ty":"tr","p":{"a":0,"k":[75.479,75.479],"ix":2},"a":{"a":0,"k":[0,0],"ix":1},"s":{"a":0,"k":[100,100],"ix":3},"r":{"a":0,"k":0,"ix":6},"o":{"a":0,"k":100,"ix":7},"sk":{"a":0,"k":0,"ix":4},"sa":{"a":0,"k":0,"ix":5},"nm":"Transform"}],"nm":"Group 2","np":2,"cix":2,"bm":0,"ix":2,"mn":"ADBE Vector Group","hd":false},{"ty":"gr","it":[{"ind":0,"ty":"sh","ix":1,"ks":{"a":0,"k":{"i":[[0.899,0.367],[0.927,7.567],[-5.738,4.2],[0.368,0.902],[3.71,4.991],[0.898,-0.375],[6.002,4.693],[-1.088,7.028],[0.896,0.374],[6.287,0.927],[0.367,-0.899],[7.564,-0.926],[4.201,5.742],[0.898,-0.369],[4.987,-3.71],[-0.375,-0.898],[4.697,-6.003],[7.027,1.088],[0.374,-0.896],[0.923,-6.287],[-0.902,-0.367],[-0.926,-7.564],[5.741,-4.204],[-0.372,-0.901],[-3.711,-4.991],[-0.898,0.375],[-6.002,-4.692],[1.087,-7.027],[-0.897,-0.379],[-6.287,-0.926],[-0.37,0.899],[-7.567,0.927],[-4.204,-5.742],[-0.902,0.369],[-4.987,3.714],[0.375,0.897],[-4.693,6.002],[-7.031,-1.087],[-0.375,0.896],[-0.926,6.288]],"o":[[-6.582,-2.692],[-0.926,-7.566],[0.784,-0.573],[-2.417,-5.878],[-0.58,-0.78],[-6.561,2.751],[-6.002,-4.693],[0.147,-0.961],[-5.739,-2.401],[-0.964,-0.141],[-2.695,6.586],[-7.566,0.927],[-0.577,-0.783],[-5.878,2.416],[-0.779,0.583],[2.755,6.557],[-4.692,6.002],[-0.962,-0.147],[-2.397,5.739],[-0.144,0.964],[6.586,2.695],[0.926,7.563],[-0.787,0.574],[2.413,5.878],[0.579,0.779],[6.558,-2.751],[6.005,4.692],[-0.148,0.962],[5.735,2.397],[0.961,0.141],[2.692,-6.586],[7.563,-0.926],[0.573,0.783],[5.878,-2.416],[0.78,-0.579],[-2.747,-6.559],[4.692,-6.002],[0.962,0.147],[2.397,-5.739],[0.141,-0.964]],"v":[[73.809,8.831],[61.326,-7.509],[69.498,-26.377],[70.191,-28.894],[60.943,-45.242],[58.432,-45.943],[38.056,-48.671],[30.493,-67.787],[29.207,-70.054],[11.109,-75.088],[8.835,-73.809],[-7.505,-61.323],[-26.377,-69.498],[-28.894,-70.19],[-45.242,-60.942],[-45.943,-58.428],[-48.672,-38.052],[-67.786,-30.489],[-70.057,-29.203],[-75.084,-11.106],[-73.805,-8.831],[-61.323,7.509],[-69.495,26.377],[-70.188,28.894],[-60.943,45.243],[-58.428,45.943],[-38.052,48.671],[-30.485,67.786],[-29.199,70.058],[-11.106,75.088],[-8.831,73.809],[7.512,61.322],[26.38,69.498],[28.898,70.19],[45.242,60.939],[45.943,58.429],[48.675,38.052],[67.79,30.489],[70.057,29.203],[75.088,11.106]],"c":true},"ix":2},"nm":"Path 1","mn":"ADBE Vector Shape - Group","hd":false},{"ty":"fl","c":{"a":0,"k":[0.123237617343,0.30141583611,0.568718584846,1],"ix":4},"o":{"a":0,"k":100,"ix":5},"r":1,"bm":0,"nm":"Fill 1","mn":"ADBE Vector Graphic - Fill","hd":false},{"ty":"tr","p":{"a":0,"k":[75.478,75.479],"ix":2},"a":{"a":0,"k":[0,0],"ix":1},"s":{"a":0,"k":[100,100],"ix":3},"r":{"a":0,"k":0,"ix":6},"o":{"a":0,"k":100,"ix":7},"sk":{"a":0,"k":0,"ix":4},"sa":{"a":0,"k":0,"ix":5},"nm":"Transform"}],"nm":"Group 3","np":2,"cix":2,"bm":0,"ix":3,"mn":"ADBE Vector Group","hd":false}],"ip":0,"op":114.000004643315,"st":0,"bm":0},{"ddd":0,"ind":5,"ty":4,"nm":"Layer 4 Outlines","sr":1,"ks":{"o":{"a":0,"k":100,"ix":11},"r":{"a":1,"k":[{"i":{"x":[0.833],"y":[0.833]},"o":{"x":[0.167],"y":[0.167]},"t":0,"s":[0]},{"t":114.000004643315,"s":[360]}],"ix":10},"p":{"a":0,"k":[591.577,261.414,0],"ix":2,"l":2},"a":{"a":0,"k":[75.479,75.479,0],"ix":1,"l":2},"s":{"a":0,"k":[100,100,100],"ix":6,"l":2}},"ao":0,"shapes":[{"ty":"gr","it":[{"ind":0,"ty":"sh","ix":1,"ks":{"a":0,"k":{"i":[[-2.41,-19.678],[19.68,-2.41],[2.409,19.678],[-19.68,2.41]],"o":[[2.409,19.678],[-19.679,2.409],[-2.41,-19.679],[19.68,-2.41]],"v":[[35.634,-4.363],[4.362,35.632],[-35.633,4.363],[-4.363,-35.63]],"c":true},"ix":2},"nm":"Path 1","mn":"ADBE Vector Shape - Group","hd":false},{"ty":"fl","c":{"a":0,"k":[0.123237617343,0.30141583611,0.568718584846,1],"ix":4},"o":{"a":0,"k":100,"ix":5},"r":1,"bm":0,"nm":"Fill 1","mn":"ADBE Vector Graphic - Fill","hd":false},{"ty":"tr","p":{"a":0,"k":[75.479,75.479],"ix":2},"a":{"a":0,"k":[0,0],"ix":1},"s":{"a":0,"k":[100,100],"ix":3},"r":{"a":0,"k":0,"ix":6},"o":{"a":0,"k":100,"ix":7},"sk":{"a":0,"k":0,"ix":4},"sa":{"a":0,"k":0,"ix":5},"nm":"Transform"}],"nm":"Group 1","np":2,"cix":2,"bm":0,"ix":1,"mn":"ADBE Vector Group","hd":false},{"ty":"gr","it":[{"ind":0,"ty":"sh","ix":1,"ks":{"a":0,"k":{"i":[[-3.209,-26.208],[26.209,-3.209],[3.209,26.208],[-26.209,3.209]],"o":[[3.209,26.208],[-26.21,3.21],[-3.209,-26.208],[26.21,-3.209]],"v":[[47.457,-5.811],[5.81,47.453],[-47.457,5.81],[-5.811,-47.454]],"c":true},"ix":2},"nm":"Path 1","mn":"ADBE Vector Shape - Group","hd":false},{"ty":"fl","c":{"a":0,"k":[0.970616718367,0.977253693225,0.981041882085,1],"ix":4},"o":{"a":0,"k":100,"ix":5},"r":1,"bm":0,"nm":"Fill 1","mn":"ADBE Vector Graphic - Fill","hd":false},{"ty":"tr","p":{"a":0,"k":[75.479,75.479],"ix":2},"a":{"a":0,"k":[0,0],"ix":1},"s":{"a":0,"k":[100,100],"ix":3},"r":{"a":0,"k":0,"ix":6},"o":{"a":0,"k":100,"ix":7},"sk":{"a":0,"k":0,"ix":4},"sa":{"a":0,"k":0,"ix":5},"nm":"Transform"}],"nm":"Group 2","np":2,"cix":2,"bm":0,"ix":2,"mn":"ADBE Vector Group","hd":false},{"ty":"gr","it":[{"ind":0,"ty":"sh","ix":1,"ks":{"a":0,"k":{"i":[[0.899,0.367],[0.927,7.567],[-5.738,4.2],[0.368,0.902],[3.71,4.991],[0.898,-0.375],[6.002,4.693],[-1.088,7.028],[0.896,0.374],[6.287,0.927],[0.367,-0.899],[7.564,-0.926],[4.201,5.742],[0.898,-0.369],[4.987,-3.71],[-0.375,-0.898],[4.697,-6.003],[7.027,1.088],[0.374,-0.896],[0.923,-6.287],[-0.902,-0.367],[-0.926,-7.564],[5.741,-4.204],[-0.372,-0.901],[-3.711,-4.991],[-0.898,0.375],[-6.002,-4.692],[1.087,-7.027],[-0.897,-0.379],[-6.287,-0.926],[-0.37,0.899],[-7.567,0.927],[-4.204,-5.742],[-0.902,0.369],[-4.987,3.714],[0.375,0.897],[-4.693,6.002],[-7.031,-1.087],[-0.375,0.896],[-0.926,6.288]],"o":[[-6.582,-2.692],[-0.926,-7.566],[0.784,-0.573],[-2.417,-5.878],[-0.58,-0.78],[-6.561,2.751],[-6.002,-4.693],[0.147,-0.961],[-5.739,-2.401],[-0.964,-0.141],[-2.695,6.586],[-7.566,0.927],[-0.577,-0.783],[-5.878,2.416],[-0.779,0.583],[2.755,6.557],[-4.692,6.002],[-0.962,-0.147],[-2.397,5.739],[-0.144,0.964],[6.586,2.695],[0.926,7.563],[-0.787,0.574],[2.413,5.878],[0.579,0.779],[6.558,-2.751],[6.005,4.692],[-0.148,0.962],[5.735,2.397],[0.961,0.141],[2.692,-6.586],[7.563,-0.926],[0.573,0.783],[5.878,-2.416],[0.78,-0.579],[-2.747,-6.559],[4.692,-6.002],[0.962,0.147],[2.397,-5.739],[0.141,-0.964]],"v":[[73.809,8.831],[61.326,-7.509],[69.498,-26.377],[70.191,-28.894],[60.943,-45.242],[58.432,-45.943],[38.056,-48.671],[30.493,-67.787],[29.207,-70.054],[11.109,-75.088],[8.835,-73.809],[-7.505,-61.323],[-26.377,-69.498],[-28.894,-70.19],[-45.242,-60.942],[-45.943,-58.428],[-48.672,-38.052],[-67.786,-30.489],[-70.057,-29.203],[-75.084,-11.106],[-73.805,-8.831],[-61.323,7.509],[-69.495,26.377],[-70.188,28.894],[-60.943,45.243],[-58.428,45.943],[-38.052,48.671],[-30.485,67.786],[-29.199,70.058],[-11.106,75.088],[-8.831,73.809],[7.512,61.322],[26.38,69.498],[28.898,70.19],[45.242,60.939],[45.943,58.429],[48.675,38.052],[67.79,30.489],[70.057,29.203],[75.088,11.106]],"c":true},"ix":2},"nm":"Path 1","mn":"ADBE Vector Shape - Group","hd":false},{"ty":"fl","c":{"a":0,"k":[0.123237617343,0.30141583611,0.568718584846,1],"ix":4},"o":{"a":0,"k":100,"ix":5},"r":1,"bm":0,"nm":"Fill 1","mn":"ADBE Vector Graphic - Fill","hd":false},{"ty":"tr","p":{"a":0,"k":[75.478,75.479],"ix":2},"a":{"a":0,"k":[0,0],"ix":1},"s":{"a":0,"k":[100,100],"ix":3},"r":{"a":0,"k":0,"ix":6},"o":{"a":0,"k":100,"ix":7},"sk":{"a":0,"k":0,"ix":4},"sa":{"a":0,"k":0,"ix":5},"nm":"Transform"}],"nm":"Group 3","np":2,"cix":2,"bm":0,"ix":3,"mn":"ADBE Vector Group","hd":false}],"ip":0,"op":114.000004643315,"st":0,"bm":0},{"ddd":0,"ind":6,"ty":3,"nm":"Null 1","sr":1,"ks":{"o":{"a":0,"k":0,"ix":11},"r":{"a":1,"k":[{"i":{"x":[0.833],"y":[0.833]},"o":{"x":[0.167],"y":[0.167]},"t":0,"s":[0]},{"t":114.000004643315,"s":[360]}],"ix":10},"p":{"a":0,"k":[333.704,210.15,0],"ix":2,"l":2},"a":{"a":0,"k":[50,50,0],"ix":1,"l":2},"s":{"a":0,"k":[100,100,100],"ix":6,"l":2}},"ao":0,"ip":0,"op":114.000004643315,"st":0,"bm":0},{"ddd":0,"ind":7,"ty":4,"nm":"Layer 6 Outlines","parent":8,"sr":1,"ks":{"o":{"a":0,"k":100,"ix":11},"r":{"a":0,"k":0,"ix":10},"p":{"a":0,"k":[152.229,-87.684,0],"ix":2,"l":2},"a":{"a":0,"k":[152.053,73.324,0],"ix":1,"l":2},"s":{"a":0,"k":[100,100,100],"ix":6,"l":2}},"ao":0,"shapes":[{"ty":"gr","it":[{"ind":0,"ty":"sh","ix":1,"ks":{"a":0,"k":{"i":[[14.356,8.466],[19.602,2.812],[0,0],[19.141,-4.877],[14.4,-9.556],[10.457,-13.861],[3.072,-5.185],[-0.058,4.107],[1.79,1.824],[2.72,0.023],[0.005,-5.555],[-1.203,-7.867],[-0.984,-4.317],[-0.979,-3.093],[-0.06,-0.193],[-3.227,-1.04],[-2.478,1.991],[-0.133,0.113],[-2.789,1.762],[-2.582,1.306],[-5.769,1.776],[-0.84,2.348],[1.61,2.461],[4.246,-1.348],[3.632,-1.533],[-1.392,2.105],[-11.231,8.722],[-13.482,4.78],[-17.232,-0.877],[-15.637,-7.348],[-10.764,-10.594],[-4.409,-6.119],[-3.171,-6.512],[-1.267,-3.327],[-1.045,-3.572],[-1.298,-7.986],[0,0],[-3.026,-1.332],[-2.863,1.952],[-0.088,0.065],[0.378,3.449],[5.282,12.652],[10.752,12.385]],"o":[[-16.894,-9.932],[0,0],[-19.478,-2.786],[-16.592,4.242],[-14.281,9.426],[-3.825,5.069],[-0.28,-3.972],[0.027,-2.708],[-1.805,-1.837],[-5.557,0.003],[-0.057,8.313],[0.516,3.522],[0.91,3.791],[0.047,0.202],[0.838,3.059],[3.236,1.042],[0.137,-0.102],[2.286,-1.691],[3.136,-1.93],[5.429,-2.79],[2.547,-0.803],[0.881,-2.462],[-2.623,-4.06],[-3.756,1.171],[1.274,-2.192],[8.017,-12.109],[11.418,-8.879],[16.131,-5.747],[17.093,0.867],[13.519,6.347],[5.227,5.144],[4.465,6.271],[1.595,3.264],[1.25,3.304],[1.896,6.503],[0,0],[0.374,3.271],[3.209,1.412],[0.09,-0.061],[2.672,-1.959],[-1.697,-13.772],[-6.357,-15.251],[-10.677,-12.316]],"v":[[77.401,-50.807],[21.613,-70.287],[21.61,-70.288],[-37.419,-67.094],[-84.13,-46.296],[-121.398,-11.213],[-131.768,4.203],[-132.103,-7.929],[-134.838,-14.956],[-141.827,-17.84],[-151.745,-7.903],[-150.017,16.498],[-147.794,28.115],[-144.986,38.35],[-144.825,38.941],[-138.361,45.468],[-129.148,43.932],[-128.744,43.609],[-121.172,38.457],[-112.807,33.721],[-95.947,26.845],[-90.69,21.964],[-91.846,14.2],[-103.533,9.6],[-114.632,13.663],[-110.63,7.213],[-81.624,-24.177],[-44.098,-44.76],[6.899,-52.205],[56.928,-39.649],[93.526,-14.117],[108.056,2.871],[119.561,22.131],[123.878,32.07],[127.337,42.434],[132.084,63.953],[132.131,64.316],[137.554,71.662],[147.488,70.764],[147.757,70.574],[151.424,61.982],[140.907,22.16],[115.121,-19.489]],"c":true},"ix":2},"nm":"Path 1","mn":"ADBE Vector Shape - Group","hd":false},{"ty":"fl","c":{"a":0,"k":[0.123237617343,0.30141583611,0.568718584846,1],"ix":4},"o":{"a":0,"k":100,"ix":5},"r":1,"bm":0,"nm":"Fill 1","mn":"ADBE Vector Graphic - Fill","hd":false},{"ty":"tr","p":{"a":0,"k":[152.052,73.324],"ix":2},"a":{"a":0,"k":[0,0],"ix":1},"s":{"a":0,"k":[100,100],"ix":3},"r":{"a":0,"k":0,"ix":6},"o":{"a":0,"k":100,"ix":7},"sk":{"a":0,"k":0,"ix":4},"sa":{"a":0,"k":0,"ix":5},"nm":"Transform"}],"nm":"Group 1","np":2,"cix":2,"bm":0,"ix":1,"mn":"ADBE Vector Group","hd":false}],"ip":0,"op":114.000004643315,"st":0,"bm":0},{"ddd":0,"ind":8,"ty":4,"nm":"Layer 11 Outlines","parent":6,"sr":1,"ks":{"o":{"a":0,"k":100,"ix":11},"r":{"a":0,"k":0,"ix":10},"p":{"a":0,"k":[52.815,129.159,0],"ix":2,"l":2},"a":{"a":0,"k":[152.052,73.346,0],"ix":1,"l":2},"s":{"a":0,"k":[100,100,100],"ix":6,"l":2}},"ao":0,"shapes":[{"ty":"gr","it":[{"ind":0,"ty":"sh","ix":1,"ks":{"a":0,"k":{"i":[[2.471,-1.973],[0.138,-0.116],[2.788,-1.763],[2.587,-1.31],[5.773,-1.777],[0.839,-2.344],[-1.609,-2.463],[-4.249,1.348],[-3.63,1.533],[1.393,-2.105],[11.232,-8.722],[13.482,-4.78],[17.232,0.878],[15.639,7.348],[10.766,10.595],[4.409,6.119],[3.167,6.508],[1.265,3.32],[1.047,3.578],[1.303,8.012],[0,0],[3.023,1.33],[2.915,-2.133],[-0.379,-3.448],[-5.282,-12.657],[-10.75,-12.384],[-14.353,-8.465],[-19.601,-2.812],[-19.143,4.876],[-14.399,9.555],[-10.458,13.863],[-3.073,5.184],[0.057,-4.107],[-1.792,-1.824],[-2.717,-0.022],[-1.589,1.083],[-0.004,3.451],[1.203,7.87],[0.985,4.321],[0.981,3.103],[0.058,0.19],[3.226,1.039]],"o":[[-0.139,0.104],[-2.286,1.695],[-3.132,1.926],[-5.428,2.789],[-2.55,0.801],[-0.881,2.461],[2.622,4.06],[3.755,-1.171],[-1.274,2.193],[-8.017,12.108],[-11.415,8.878],[-16.132,5.748],[-17.092,-0.865],[-13.519,-6.346],[-5.225,-5.143],[-4.468,-6.277],[-1.598,-3.269],[-1.248,-3.298],[-1.896,-6.494],[0,0],[-0.376,-3.267],[-3.312,-1.456],[-2.671,1.96],[1.696,13.767],[6.358,15.252],[10.68,12.318],[16.897,9.932],[19.479,2.788],[16.591,-4.244],[14.273,-9.414],[3.826,-5.069],[0.28,3.969],[-0.028,2.709],[1.804,1.838],[2.107,0],[2.605,-1.777],[0.057,-8.311],[-0.517,-3.516],[-0.908,-3.784],[-0.048,-0.203],[-0.84,-3.056],[-3.232,-1.041]],"v":[[129.16,-43.919],[128.745,-43.589],[121.173,-38.435],[112.807,-33.698],[95.944,-26.823],[90.692,-21.943],[91.846,-14.178],[103.536,-9.578],[114.632,-13.643],[110.63,-7.191],[81.624,24.198],[44.099,44.781],[-6.897,52.226],[-56.928,39.671],[-93.527,14.138],[-108.055,-2.849],[-119.561,-22.11],[-123.878,-32.047],[-127.337,-42.414],[-132.087,-63.949],[-132.131,-64.302],[-137.554,-71.641],[-147.758,-70.552],[-151.423,-61.961],[-140.907,-22.136],[-115.121,19.512],[-77.4,50.828],[-21.61,70.309],[37.421,67.117],[84.131,46.318],[121.398,11.234],[131.768,-4.182],[132.104,7.948],[134.838,14.977],[141.823,17.861],[147.455,16.148],[151.745,7.924],[150.017,-16.479],[147.794,-28.094],[144.984,-38.334],[144.825,-38.923],[138.362,-45.446]],"c":true},"ix":2},"nm":"Path 1","mn":"ADBE Vector Shape - Group","hd":false},{"ty":"fl","c":{"a":0,"k":[0.123237617343,0.30141583611,0.568718584846,1],"ix":4},"o":{"a":0,"k":100,"ix":5},"r":1,"bm":0,"nm":"Fill 1","mn":"ADBE Vector Graphic - Fill","hd":false},{"ty":"tr","p":{"a":0,"k":[152.052,73.347],"ix":2},"a":{"a":0,"k":[0,0],"ix":1},"s":{"a":0,"k":[100,100],"ix":3},"r":{"a":0,"k":0,"ix":6},"o":{"a":0,"k":100,"ix":7},"sk":{"a":0,"k":0,"ix":4},"sa":{"a":0,"k":0,"ix":5},"nm":"Transform"}],"nm":"Group 1","np":2,"cix":2,"bm":0,"ix":1,"mn":"ADBE Vector Group","hd":false}],"ip":0,"op":114.000004643315,"st":0,"bm":0}],"markers":[]}