{"v":"4.8.0","meta":{"g":"LottieFiles AE 2.0.4","a":"salman","k":"pdf file scanning find pdf files","d":"pdf file scanning find pdf files","tc":"red white gery"},"fr":8,"ip":0,"op":36,"w":256,"h":256,"nm":"pdf","ddd":0,"assets":[],"layers":[{"ddd":0,"ind":1,"ty":4,"nm":"scan_line","sr":1,"ks":{"o":{"a":0,"k":57,"ix":11},"r":{"a":0,"k":0,"ix":10},"p":{"a":1,"k":[{"i":{"x":0.667,"y":1},"o":{"x":0.333,"y":0},"t":0,"s":[134,128,0],"to":[0,-13.833,0],"ti":[0,-16,0]},{"i":{"x":0.667,"y":1},"o":{"x":0.333,"y":0},"t":16,"s":[134,45,0],"to":[0,16,0],"ti":[0,-29.833,0]},{"t":31,"s":[134,224,0]}],"ix":2},"a":{"a":0,"k":[0,0,0],"ix":1},"s":{"a":0,"k":[100,100,100],"ix":6}},"ao":0,"ef":[{"ty":29,"nm":"Gaussian Blur","np":5,"mn":"ADBE Gaussian Blur 2","ix":1,"en":1,"ef":[{"ty":0,"nm":"Blurriness","mn":"ADBE Gaussian Blur 2-0001","ix":1,"v":{"a":0,"k":18.4,"ix":1}},{"ty":7,"nm":"Blur Dimensions","mn":"ADBE Gaussian Blur 2-0002","ix":2,"v":{"a":0,"k":1,"ix":2}},{"ty":7,"nm":"Repeat Edge Pixels","mn":"ADBE Gaussian Blur 2-0003","ix":3,"v":{"a":0,"k":0,"ix":3}}]}],"shapes":[{"ty":"gr","it":[{"ty":"rc","d":1,"s":{"a":0,"k":[217,10],"ix":2},"p":{"a":0,"k":[0,0],"ix":3},"r":{"a":0,"k":20,"ix":4},"nm":"Rectangle Path 1","mn":"ADBE Vector Shape - Rect","hd":false},{"ty":"st","c":{"a":0,"k":[0.560783954695,0.591788018919,1,1],"ix":3},"o":{"a":0,"k":100,"ix":4},"w":{"a":0,"k":0,"ix":5},"lc":1,"lj":1,"ml":4,"bm":0,"nm":"Stroke 1","mn":"ADBE Vector Graphic - Stroke","hd":false},{"ty":"fl","c":{"a":0,"k":[1,0,0,1],"ix":4},"o":{"a":0,"k":100,"ix":5},"r":1,"bm":0,"nm":"Fill 1","mn":"ADBE Vector Graphic - Fill","hd":false},{"ty":"tr","p":{"a":0,"k":[1.5,1],"ix":2},"a":{"a":0,"k":[0,0],"ix":1},"s":{"a":0,"k":[100,100],"ix":3},"r":{"a":0,"k":0,"ix":6},"o":{"a":0,"k":100,"ix":7},"sk":{"a":0,"k":0,"ix":4},"sa":{"a":0,"k":0,"ix":5},"nm":"Transform"}],"nm":"Rectangle 1","np":3,"cix":2,"bm":0,"ix":1,"mn":"ADBE Vector Group","hd":false}],"ip":0,"op":36,"st":0,"bm":0},{"ddd":0,"ind":2,"ty":4,"nm":"scan","sr":1,"ks":{"o":{"a":0,"k":100,"ix":11},"r":{"a":0,"k":0,"ix":10},"p":{"a":0,"k":[138.565,134.39,0],"ix":2},"a":{"a":0,"k":[106.541,113.179,0],"ix":1},"s":{"a":1,"k":[{"i":{"x":[0.667,0.667,0.667],"y":[1,1,1]},"o":{"x":[0.333,0.333,0.333],"y":[0,0,0]},"t":0,"s":[100,100,100]},{"i":{"x":[0.667,0.667,0.667],"y":[1,1,1]},"o":{"x":[0.333,0.333,0.333],"y":[0,0,0]},"t":17,"s":[86,86,100]},{"t":32,"s":[100,100,100]}],"ix":6}},"ao":0,"shapes":[{"ty":"gr","it":[{"ind":0,"ty":"sh","ix":1,"ks":{"a":0,"k":{"i":[[0.829,0],[0,-0.828],[0,0],[0,0],[0,-0.828],[-0.828,0],[0,0],[0,0.83],[0,0]],"o":[[-0.828,0],[0,0],[0,0],[-0.828,0],[0,0.83],[0,0],[0.829,0],[0,0],[0,-0.828]],"v":[[16.072,-16.928],[14.572,-15.428],[14.572,13.928],[-16.072,13.928],[-17.572,15.428],[-16.072,16.928],[16.072,16.928],[17.572,15.428],[17.572,-15.428]],"c":true},"ix":2},"nm":"Path 1","mn":"ADBE Vector Shape - Group","hd":false},{"ty":"fl","c":{"a":0,"k":[1,0,0,1],"ix":4},"o":{"a":0,"k":100,"ix":5},"r":1,"bm":0,"nm":"Fill 1","mn":"ADBE Vector Graphic - Fill","hd":false},{"ty":"tr","p":{"a":0,"k":[195.261,209.178],"ix":2},"a":{"a":0,"k":[0,0],"ix":1},"s":{"a":0,"k":[100,100],"ix":3},"r":{"a":0,"k":0,"ix":6},"o":{"a":0,"k":100,"ix":7},"sk":{"a":0,"k":0,"ix":4},"sa":{"a":0,"k":0,"ix":5},"nm":"Transform"}],"nm":"Group 1","np":4,"cix":2,"bm":0,"ix":1,"mn":"ADBE Vector Group","hd":false},{"ty":"gr","it":[{"ind":0,"ty":"sh","ix":1,"ks":{"a":0,"k":{"i":[[0.829,0],[0,0],[0,0],[0.829,0],[0,-0.829],[0,0],[-0.828,0],[0,0],[0,0.829]],"o":[[0,0],[0,0],[0,-0.829],[-0.828,0],[0,0],[0,0.829],[0,0],[0.829,0],[0,-0.828]],"v":[[16.072,13.928],[-14.572,13.928],[-14.572,-15.428],[-16.072,-16.928],[-17.572,-15.428],[-17.572,15.428],[-16.072,16.928],[16.072,16.928],[17.572,15.428]],"c":true},"ix":2},"nm":"Path 1","mn":"ADBE Vector Shape - Group","hd":false},{"ty":"fl","c":{"a":0,"k":[1,0,0,1],"ix":4},"o":{"a":0,"k":100,"ix":5},"r":1,"bm":0,"nm":"Fill 1","mn":"ADBE Vector Graphic - Fill","hd":false},{"ty":"tr","p":{"a":0,"k":[17.821,209.179],"ix":2},"a":{"a":0,"k":[0,0],"ix":1},"s":{"a":0,"k":[100,100],"ix":3},"r":{"a":0,"k":0,"ix":6},"o":{"a":0,"k":100,"ix":7},"sk":{"a":0,"k":0,"ix":4},"sa":{"a":0,"k":0,"ix":5},"nm":"Transform"}],"nm":"Group 2","np":4,"cix":2,"bm":0,"ix":2,"mn":"ADBE Vector Group","hd":false},{"ty":"gr","it":[{"ind":0,"ty":"sh","ix":1,"ks":{"a":0,"k":{"i":[[0.829,0],[0,0],[0,-0.829],[-0.828,0],[0,0],[0,0],[-0.828,0],[0,0.829],[0,0]],"o":[[0,0],[-0.828,0],[0,0.829],[0,0],[0,0],[0,0.829],[0.829,0],[0,0],[0,-0.829]],"v":[[16.072,-16.929],[-16.072,-16.929],[-17.572,-15.429],[-16.072,-13.929],[14.572,-13.929],[14.572,15.429],[16.072,16.929],[17.572,15.429],[17.572,-15.429]],"c":true},"ix":2},"nm":"Path 1","mn":"ADBE Vector Shape - Group","hd":false},{"ty":"fl","c":{"a":0,"k":[1,0,0,1],"ix":4},"o":{"a":0,"k":100,"ix":5},"r":1,"bm":0,"nm":"Fill 1","mn":"ADBE Vector Graphic - Fill","hd":false},{"ty":"tr","p":{"a":0,"k":[195.261,17.179],"ix":2},"a":{"a":0,"k":[0,0],"ix":1},"s":{"a":0,"k":[100,100],"ix":3},"r":{"a":0,"k":0,"ix":6},"o":{"a":0,"k":100,"ix":7},"sk":{"a":0,"k":0,"ix":4},"sa":{"a":0,"k":0,"ix":5},"nm":"Transform"}],"nm":"Group 3","np":4,"cix":2,"bm":0,"ix":3,"mn":"ADBE Vector Group","hd":false},{"ty":"gr","it":[{"ind":0,"ty":"sh","ix":1,"ks":{"a":0,"k":{"i":[[0.829,0],[0,0],[0,-0.829],[0,0],[-0.828,0],[0,0.829],[0,0],[0,0],[0,0.829]],"o":[[0,0],[-0.828,0],[0,0],[0,0.829],[0.829,0],[0,0],[0,0],[0.829,0],[0,-0.829]],"v":[[16.072,-16.929],[-16.072,-16.929],[-17.572,-15.429],[-17.572,15.429],[-16.072,16.929],[-14.572,15.429],[-14.572,-13.929],[16.072,-13.929],[17.572,-15.429]],"c":true},"ix":2},"nm":"Path 1","mn":"ADBE Vector Shape - Group","hd":false},{"ty":"fl","c":{"a":0,"k":[1,0,0,1],"ix":4},"o":{"a":0,"k":100,"ix":5},"r":1,"bm":0,"nm":"Fill 1","mn":"ADBE Vector Graphic - Fill","hd":false},{"ty":"tr","p":{"a":0,"k":[17.821,17.179],"ix":2},"a":{"a":0,"k":[0,0],"ix":1},"s":{"a":0,"k":[100,100],"ix":3},"r":{"a":0,"k":0,"ix":6},"o":{"a":0,"k":100,"ix":7},"sk":{"a":0,"k":0,"ix":4},"sa":{"a":0,"k":0,"ix":5},"nm":"Transform"}],"nm":"Group 4","np":4,"cix":2,"bm":0,"ix":4,"mn":"ADBE Vector Group","hd":false}],"ip":0,"op":36,"st":0,"bm":0},{"ddd":0,"ind":3,"ty":4,"nm":"file_corner","sr":1,"ks":{"o":{"a":0,"k":100,"ix":11},"r":{"a":0,"k":0,"ix":10},"p":{"a":0,"k":[187.083,71.152,0],"ix":2},"a":{"a":0,"k":[26.239,26.239,0],"ix":1},"s":{"a":0,"k":[100,100,100],"ix":6}},"ao":0,"shapes":[{"ty":"gr","it":[{"ind":0,"ty":"sh","ix":1,"ks":{"a":0,"k":{"i":[[6.792,0],[0,0],[-3.97,-3.969],[0,0],[0,-5.614],[0,0],[6.79,0],[0,0],[0,6.492],[0,0]],"o":[[0,0],[5.615,0],[0,0],[3.969,3.97],[0,0],[0,-6.792],[0,0],[-6.492,0],[0,0],[-0.002,-6.792]],"v":[[-25.988,-25.989],[-12.755,-25.989],[2.212,-19.788],[19.788,-2.214],[25.988,12.754],[25.988,25.989],[13.691,13.692],[-1.936,13.692],[-13.689,1.937],[-13.689,-13.689]],"c":true},"ix":2},"nm":"Path 1","mn":"ADBE Vector Shape - Group","hd":false},{"ty":"fl","c":{"a":0,"k":[0.717999985639,0.717999985639,0.717999985639,1],"ix":4},"o":{"a":0,"k":100,"ix":5},"r":1,"bm":0,"nm":"Fill 1","mn":"ADBE Vector Graphic - Fill","hd":false},{"ty":"tr","p":{"a":0,"k":[26.238,26.239],"ix":2},"a":{"a":0,"k":[0,0],"ix":1},"s":{"a":0,"k":[100,100],"ix":3},"r":{"a":0,"k":0,"ix":6},"o":{"a":0,"k":100,"ix":7},"sk":{"a":0,"k":0,"ix":4},"sa":{"a":0,"k":0,"ix":5},"nm":"Transform"}],"nm":"Group 1","np":4,"cix":2,"bm":0,"ix":1,"mn":"ADBE Vector Group","hd":false}],"ip":0,"op":36,"st":0,"bm":0},{"ddd":0,"ind":4,"ty":4,"nm":"f","sr":1,"ks":{"o":{"a":0,"k":100,"ix":11},"r":{"a":0,"k":0,"ix":10},"p":{"a":0,"k":[150.893,154.008,0],"ix":2},"a":{"a":0,"k":[13.548,19.822,0],"ix":1},"s":{"a":0,"k":[100,100,100],"ix":6}},"ao":0,"shapes":[{"ty":"gr","it":[{"ind":0,"ty":"sh","ix":1,"ks":{"a":0,"k":{"i":[[1.645,0],[0,0],[0,-1.647],[0,0],[-1.645,0],[0,1.645],[0,0],[0,0],[0,1.645],[1.644,0],[0,0],[0,0],[0,0],[0,1.644]],"o":[[0,0],[-1.645,0],[0,0],[0,1.645],[1.645,0],[0,0],[0,0],[1.644,0],[0,-1.645],[0,0],[0,0],[0,0],[1.645,0],[0,-1.646]],"v":[[10.319,-19.572],[-10.318,-19.572],[-13.298,-16.592],[-13.298,16.592],[-10.318,19.572],[-7.338,16.592],[-7.338,2.978],[3.199,2.978],[6.178,-0.002],[3.199,-2.982],[-7.338,-2.982],[-7.338,-13.614],[10.319,-13.614],[13.298,-16.593]],"c":true},"ix":2},"nm":"Path 1","mn":"ADBE Vector Shape - Group","hd":false},{"ty":"fl","c":{"a":0,"k":[1,1,1,1],"ix":4},"o":{"a":0,"k":100,"ix":5},"r":1,"bm":0,"nm":"Fill 1","mn":"ADBE Vector Graphic - Fill","hd":false},{"ty":"tr","p":{"a":0,"k":[13.548,19.822],"ix":2},"a":{"a":0,"k":[0,0],"ix":1},"s":{"a":0,"k":[100,100],"ix":3},"r":{"a":0,"k":0,"ix":6},"o":{"a":0,"k":100,"ix":7},"sk":{"a":0,"k":0,"ix":4},"sa":{"a":0,"k":0,"ix":5},"nm":"Transform"}],"nm":"Group 1","np":4,"cix":2,"bm":0,"ix":1,"mn":"ADBE Vector Group","hd":false}],"ip":0,"op":36,"st":0,"bm":0},{"ddd":0,"ind":5,"ty":4,"nm":"d","sr":1,"ks":{"o":{"a":0,"k":100,"ix":11},"r":{"a":0,"k":0,"ix":10},"p":{"a":0,"k":[114.267,154.008,0],"ix":2},"a":{"a":0,"k":[13.548,19.822,0],"ix":1},"s":{"a":0,"k":[100,100,100],"ix":6}},"ao":0,"shapes":[{"ty":"gr","it":[{"ind":0,"ty":"sh","ix":1,"ks":{"a":0,"k":{"i":[[0,0],[2.098,0],[0,0],[0,0],[0,0],[0,-2.099]],"o":[[0,2.098],[0,0],[0,0],[0,0],[2.098,0],[0,0]],"v":[[7.338,9.808],[3.534,13.613],[-7.339,13.613],[-7.339,-13.612],[3.534,-13.612],[7.338,-9.809]],"c":true},"ix":2},"nm":"Path 1","mn":"ADBE Vector Shape - Group","hd":false},{"ind":1,"ty":"sh","ix":2,"ks":{"a":0,"k":{"i":[[5.384,0],[0,0],[0,-1.648],[0,0],[-1.647,0],[0,0],[0,5.384],[0,0]],"o":[[0,0],[-1.647,0],[0,0],[0,1.645],[0,0],[5.384,0],[0,0],[0,-5.384]],"v":[[3.534,-19.572],[-10.318,-19.572],[-13.298,-16.591],[-13.298,16.592],[-10.318,19.572],[3.534,19.572],[13.298,9.808],[13.298,-9.809]],"c":true},"ix":2},"nm":"Path 2","mn":"ADBE Vector Shape - Group","hd":false},{"ty":"mm","mm":1,"nm":"Merge Paths 1","mn":"ADBE Vector Filter - Merge","hd":false},{"ty":"fl","c":{"a":0,"k":[1,1,1,1],"ix":4},"o":{"a":0,"k":100,"ix":5},"r":1,"bm":0,"nm":"Fill 1","mn":"ADBE Vector Graphic - Fill","hd":false},{"ty":"tr","p":{"a":0,"k":[13.548,19.822],"ix":2},"a":{"a":0,"k":[0,0],"ix":1},"s":{"a":0,"k":[100,100],"ix":3},"r":{"a":0,"k":0,"ix":6},"o":{"a":0,"k":100,"ix":7},"sk":{"a":0,"k":0,"ix":4},"sa":{"a":0,"k":0,"ix":5},"nm":"Transform"}],"nm":"Group 1","np":6,"cix":2,"bm":0,"ix":1,"mn":"ADBE Vector Group","hd":false}],"ip":0,"op":36,"st":0,"bm":0},{"ddd":0,"ind":6,"ty":4,"nm":"p","sr":1,"ks":{"o":{"a":0,"k":100,"ix":11},"r":{"a":0,"k":0,"ix":10},"p":{"a":0,"k":[78.35,154.008,0],"ix":2},"a":{"a":0,"k":[13.549,19.822,0],"ix":1},"s":{"a":0,"k":[100,100,100],"ix":6}},"ao":0,"shapes":[{"ty":"gr","it":[{"ind":0,"ty":"sh","ix":1,"ks":{"a":0,"k":{"i":[[0,0],[1.748,0],[0,0],[0,0],[0,0],[0,-1.748]],"o":[[0,1.748],[0,0],[0,0],[0,0],[1.748,0],[0,0]],"v":[[7.34,-3.048],[4.17,0.124],[-7.337,0.124],[-7.337,-13.611],[4.17,-13.611],[7.34,-10.441]],"c":true},"ix":2},"nm":"Path 1","mn":"ADBE Vector Shape - Group","hd":false},{"ind":1,"ty":"sh","ix":2,"ks":{"a":0,"k":{"i":[[5.035,0],[0,0],[0,-1.647],[0,0],[0,0],[-1.647,0],[0,1.644],[0,0],[0,0],[0,5.034],[0,0]],"o":[[0,0],[-1.647,0],[0,0],[0,0],[0,1.644],[1.647,0],[0,0],[0,0],[5.033,0],[0,0],[0.001,-5.034]],"v":[[4.168,-19.572],[-10.319,-19.572],[-13.299,-16.592],[-13.299,3.102],[-13.299,16.592],[-10.319,19.572],[-7.339,16.592],[-7.339,6.083],[4.168,6.083],[13.298,-3.048],[13.298,-10.443]],"c":true},"ix":2},"nm":"Path 2","mn":"ADBE Vector Shape - Group","hd":false},{"ty":"mm","mm":1,"nm":"Merge Paths 1","mn":"ADBE Vector Filter - Merge","hd":false},{"ty":"fl","c":{"a":0,"k":[1,1,1,1],"ix":4},"o":{"a":0,"k":100,"ix":5},"r":1,"bm":0,"nm":"Fill 1","mn":"ADBE Vector Graphic - Fill","hd":false},{"ty":"tr","p":{"a":0,"k":[13.549,19.822],"ix":2},"a":{"a":0,"k":[0,0],"ix":1},"s":{"a":0,"k":[100,100],"ix":3},"r":{"a":0,"k":0,"ix":6},"o":{"a":0,"k":100,"ix":7},"sk":{"a":0,"k":0,"ix":4},"sa":{"a":0,"k":0,"ix":5},"nm":"Transform"}],"nm":"Group 1","np":6,"cix":2,"bm":0,"ix":1,"mn":"ADBE Vector Group","hd":false}],"ip":0,"op":36,"st":0,"bm":0},{"ddd":0,"ind":7,"ty":4,"nm":"banner_corner","sr":1,"ks":{"o":{"a":0,"k":100,"ix":11},"r":{"a":0,"k":0,"ix":10},"p":{"a":0,"k":[58.673,103.461,0],"ix":2},"a":{"a":0,"k":[15.993,13.547,0],"ix":1},"s":{"a":0,"k":[100,100,100],"ix":6}},"ao":0,"shapes":[{"ty":"gr","it":[{"ind":0,"ty":"sh","ix":1,"ks":{"a":0,"k":{"i":[[0,0],[-7.569,0],[0,0],[0,0],[0,0],[0,-7.569]],"o":[[0,7.569],[0,0],[0,0],[0,0],[-7.569,0],[0,0]],"v":[[-15.742,-0.41],[-2.036,13.297],[15.742,13.297],[15.742,-13.297],[-2.036,-13.297],[-15.742,0.41]],"c":false},"ix":2},"nm":"Path 1","mn":"ADBE Vector Shape - Group","hd":false},{"ty":"fl","c":{"a":0,"k":[0.745000023935,0.250999989229,0.187999994615,1],"ix":4},"o":{"a":0,"k":100,"ix":5},"r":1,"bm":0,"nm":"Fill 1","mn":"ADBE Vector Graphic - Fill","hd":false},{"ty":"tr","p":{"a":0,"k":[15.993,13.547],"ix":2},"a":{"a":0,"k":[0,0],"ix":1},"s":{"a":0,"k":[100,100],"ix":3},"r":{"a":0,"k":0,"ix":6},"o":{"a":0,"k":100,"ix":7},"sk":{"a":0,"k":0,"ix":4},"sa":{"a":0,"k":0,"ix":5},"nm":"Transform"}],"nm":"Group 1","np":4,"cix":2,"bm":0,"ix":1,"mn":"ADBE Vector Group","hd":false}],"ip":0,"op":36,"st":0,"bm":0},{"ddd":0,"ind":8,"ty":4,"nm":"banner","sr":1,"ks":{"o":{"a":0,"k":100,"ix":11},"r":{"a":0,"k":0,"ix":10},"p":{"a":0,"k":[112.875,145.177,0],"ix":2},"a":{"a":0,"k":[70.196,42.376,0],"ix":1},"s":{"a":0,"k":[100,100,100],"ix":6}},"ao":0,"shapes":[{"ty":"gr","it":[{"ind":0,"ty":"sh","ix":1,"ks":{"a":0,"k":{"i":[[0,0],[0,0],[0,-7.569],[0,0],[7.569,0],[0,0],[0,7.569],[0,0]],"o":[[0,0],[7.569,0],[0,0],[0,7.569],[0,0],[-7.569,0],[0,0],[0,0]],"v":[[-38.459,-28.42],[56.241,-28.42],[69.946,-14.714],[69.946,28.421],[56.241,42.126],[-56.241,42.126],[-69.946,28.421],[-69.946,-42.126]],"c":false},"ix":2},"nm":"Path 1","mn":"ADBE Vector Shape - Group","hd":false},{"ty":"fl","c":{"a":0,"k":[0.944999964097,0.337000020345,0.258999992819,1],"ix":4},"o":{"a":0,"k":100,"ix":5},"r":1,"bm":0,"nm":"Fill 1","mn":"ADBE Vector Graphic - Fill","hd":false},{"ty":"tr","p":{"a":0,"k":[70.196,42.376],"ix":2},"a":{"a":0,"k":[0,0],"ix":1},"s":{"a":0,"k":[100,100],"ix":3},"r":{"a":0,"k":0,"ix":6},"o":{"a":0,"k":100,"ix":7},"sk":{"a":0,"k":0,"ix":4},"sa":{"a":0,"k":0,"ix":5},"nm":"Transform"}],"nm":"Group 1","np":4,"cix":2,"bm":0,"ix":1,"mn":"ADBE Vector Group","hd":false}],"ip":0,"op":36,"st":0,"bm":0},{"ddd":0,"ind":9,"ty":4,"nm":"file","sr":1,"ks":{"o":{"a":0,"k":100,"ix":11},"r":{"a":0,"k":0,"ix":10},"p":{"a":0,"k":[144.046,134.559,0],"ix":2},"a":{"a":0,"k":[69.576,89.646,0],"ix":1},"s":{"a":0,"k":[100,100,100],"ix":6}},"ao":0,"shapes":[{"ty":"gr","it":[{"ind":0,"ty":"sh","ix":1,"ks":{"a":0,"k":{"i":[[0,-20.169],[0,0],[5.834,0],[0,0],[0,5.832],[0,0],[0,0],[-5.835,0],[0,0]],"o":[[0,0],[0,5.834],[0,0],[-5.835,0],[0,0],[0,0],[0,-5.833],[0,0],[16.428,0.269]],"v":[[69.327,-37.419],[69.327,78.834],[58.764,89.396],[-58.764,89.396],[-69.327,78.834],[-69.327,52.742],[-69.327,-78.833],[-58.764,-89.396],[17.352,-89.396]],"c":true},"ix":2},"nm":"Path 1","mn":"ADBE Vector Shape - Group","hd":false},{"ty":"fl","c":{"a":0,"k":[0.885999971278,0.885999971278,0.885999971278,1],"ix":4},"o":{"a":0,"k":100,"ix":5},"r":1,"bm":0,"nm":"Fill 1","mn":"ADBE Vector Graphic - Fill","hd":false},{"ty":"tr","p":{"a":0,"k":[69.576,89.646],"ix":2},"a":{"a":0,"k":[0,0],"ix":1},"s":{"a":0,"k":[100,100],"ix":3},"r":{"a":0,"k":0,"ix":6},"o":{"a":0,"k":100,"ix":7},"sk":{"a":0,"k":0,"ix":4},"sa":{"a":0,"k":0,"ix":5},"nm":"Transform"}],"nm":"Group 1","np":4,"cix":2,"bm":0,"ix":1,"mn":"ADBE Vector Group","hd":false}],"ip":0,"op":36,"st":0,"bm":0}],"markers":[]}