{"v":"5.6.9","fr":25,"ip":0,"op":235,"w":1000,"h":1000,"nm":"Lottie_Translate","ddd":0,"assets":[],"fonts":{"list":[{"fName":"JanoSansPro-Thin","fFamily":"Jano Sans Pro","fStyle":"Thin","ascent":74.2996215820313}]},"layers":[{"ddd":0,"ind":1,"ty":5,"nm":"by Paul FD","sr":1,"ks":{"o":{"a":0,"k":100,"ix":11},"r":{"a":0,"k":0,"ix":10},"p":{"a":0,"k":[596,1076.5,0],"ix":2},"a":{"a":0,"k":[0,0,0],"ix":1},"s":{"a":0,"k":[100,100,100],"ix":6}},"ao":0,"t":{"d":{"k":[{"s":{"sz":[999,34],"ps":[-597,-114.5],"s":30,"f":"JanoSansPro-Thin","t":"by Paul FD","j":2,"tr":0,"lh":36,"ls":0,"fc":[1,1,1]},"t":0}]},"p":{},"m":{"g":1,"a":{"a":0,"k":[0,0],"ix":2}},"a":[]},"ip":0,"op":235,"st":0,"bm":0},{"ddd":0,"ind":2,"ty":4,"nm":"symbole_04","parent":4,"sr":1,"ks":{"o":{"a":0,"k":100,"ix":11},"r":{"a":0,"k":0,"ix":10},"p":{"a":0,"k":[500,500,0],"ix":2},"a":{"a":0,"k":[500,500,0],"ix":1},"s":{"a":0,"k":[100,100,100],"ix":6}},"ao":0,"shapes":[{"ty":"gr","it":[{"ind":0,"ty":"sh","ix":1,"ks":{"a":0,"k":{"i":[[0,0],[0,0],[0,0]],"o":[[0,0],[0,0],[0,0]],"v":[[42.033,36.333],[0.19,-80.079],[-42.033,36.333]],"c":true},"ix":2},"nm":"Tracé 1","mn":"ADBE Vector Shape - Group","hd":false},{"ind":1,"ty":"sh","ix":2,"ks":{"a":0,"k":{"i":[[0,0],[0,0],[0,0],[0,0],[0,0],[0,0],[0,0],[0,0]],"o":[[0,0],[0,0],[0,0],[0,0],[0,0],[0,0],[0,0],[0,0]],"v":[[23.788,-126.875],[121.565,126.875],[77.249,126.875],[56.875,71.397],[-55.02,71.397],[-76.869,126.875],[-121.565,126.875],[-23.418,-126.875]],"c":true},"ix":2},"nm":"Tracé 2","mn":"ADBE Vector Shape - Group","hd":false},{"ty":"mm","mm":1,"nm":"Fusionner les tracés 1","mn":"ADBE Vector Filter - Merge","hd":false},{"ty":"fl","c":{"a":0,"k":[1,1,1,1],"ix":4},"o":{"a":0,"k":100,"ix":5},"r":1,"bm":0,"nm":"Fond 1","mn":"ADBE Vector Graphic - Fill","hd":false},{"ty":"tr","p":{"a":0,"k":[334.504,405.953],"ix":2},"a":{"a":0,"k":[0,0],"ix":1},"s":{"a":0,"k":[100,100],"ix":3},"r":{"a":0,"k":0,"ix":6},"o":{"a":0,"k":100,"ix":7},"sk":{"a":0,"k":0,"ix":4},"sa":{"a":0,"k":0,"ix":5},"nm":"Transform"}],"nm":"Groupe 1","np":4,"cix":2,"bm":0,"ix":1,"mn":"ADBE Vector Group","hd":false}],"ip":162,"op":235,"st":50,"bm":0},{"ddd":0,"ind":3,"ty":4,"nm":"symbole_04_shadow","parent":4,"sr":1,"ks":{"o":{"a":0,"k":100,"ix":11},"r":{"a":0,"k":0,"ix":10},"p":{"a":0,"k":[510,510,0],"ix":2},"a":{"a":0,"k":[500,500,0],"ix":1},"s":{"a":0,"k":[100,100,100],"ix":6}},"ao":0,"shapes":[{"ty":"gr","it":[{"ind":0,"ty":"sh","ix":1,"ks":{"a":0,"k":{"i":[[0,0],[0,0],[0,0]],"o":[[0,0],[0,0],[0,0]],"v":[[42.033,36.333],[0.19,-80.079],[-42.033,36.333]],"c":true},"ix":2},"nm":"Tracé 1","mn":"ADBE Vector Shape - Group","hd":false},{"ind":1,"ty":"sh","ix":2,"ks":{"a":0,"k":{"i":[[0,0],[0,0],[0,0],[0,0],[0,0],[0,0],[0,0],[0,0]],"o":[[0,0],[0,0],[0,0],[0,0],[0,0],[0,0],[0,0],[0,0]],"v":[[23.788,-126.875],[121.565,126.875],[77.249,126.875],[56.875,71.397],[-55.02,71.397],[-76.869,126.875],[-121.565,126.875],[-23.418,-126.875]],"c":true},"ix":2},"nm":"Tracé 2","mn":"ADBE Vector Shape - Group","hd":false},{"ty":"mm","mm":1,"nm":"Fusionner les tracés 1","mn":"ADBE Vector Filter - Merge","hd":false},{"ty":"fl","c":{"a":0,"k":[0.800000011921,0.605577588081,0.216733068228,1],"ix":4},"o":{"a":0,"k":20,"ix":5},"r":1,"bm":0,"nm":"Fond 1","mn":"ADBE Vector Graphic - Fill","hd":false},{"ty":"tr","p":{"a":0,"k":[334.504,405.953],"ix":2},"a":{"a":0,"k":[0,0],"ix":1},"s":{"a":0,"k":[100,100],"ix":3},"r":{"a":0,"k":0,"ix":6},"o":{"a":0,"k":100,"ix":7},"sk":{"a":0,"k":0,"ix":4},"sa":{"a":0,"k":0,"ix":5},"nm":"Transform"}],"nm":"Groupe 1","np":4,"cix":2,"bm":0,"ix":1,"mn":"ADBE Vector Group","hd":false}],"ip":162,"op":235,"st":50,"bm":0},{"ddd":0,"ind":4,"ty":4,"nm":"bulle_04","sr":1,"ks":{"o":{"a":0,"k":100,"ix":11},"r":{"a":0,"k":0,"ix":10},"p":{"a":1,"k":[{"i":{"x":0.667,"y":1},"o":{"x":0.333,"y":0},"t":0,"s":[500,500,0],"to":[0,-30,0],"ti":[5.007,-1.744,0]},{"i":{"x":0.667,"y":1},"o":{"x":0.333,"y":0},"t":37,"s":[500,320,0],"to":[-5.007,1.744,0],"ti":[5.007,-31.744,0]},{"i":{"x":0.667,"y":1},"o":{"x":0.333,"y":0},"t":84,"s":[469.959,510.465,0],"to":[0,0,0],"ti":[0,0,0]},{"i":{"x":0.667,"y":1},"o":{"x":0.333,"y":0},"t":100,"s":[472.216,507.311,0],"to":[0,0,0],"ti":[0,0,0]},{"i":{"x":0.667,"y":1},"o":{"x":0.333,"y":0},"t":121,"s":[469.959,510.465,0],"to":[5.007,-31.744,0],"ti":[-5.007,1.744,0]},{"i":{"x":0.667,"y":1},"o":{"x":0.333,"y":0},"t":162,"s":[500,320,0],"to":[5.007,-1.744,0],"ti":[0,-30,0]},{"i":{"x":0.563,"y":1},"o":{"x":0.333,"y":0},"t":200,"s":[500,500,0],"to":[0,0,0],"ti":[0,0,0]},{"i":{"x":1,"y":1},"o":{"x":0.471,"y":0},"t":214,"s":[503.552,496.448,0],"to":[0,0,0],"ti":[0,0,0]},{"t":235,"s":[500,500,0]}],"ix":2},"a":{"a":0,"k":[500,500,0],"ix":1},"s":{"a":0,"k":[100,100,100],"ix":6}},"ao":0,"shapes":[{"ty":"gr","it":[{"ind":0,"ty":"sh","ix":1,"ks":{"a":0,"k":{"i":[[0,0],[0,0],[0,0],[0,13.486],[0,0],[13.5,0],[0,0],[0,-13.477],[0,0],[-13.5,0],[0,0]],"o":[[0,0],[0,0],[13.5,0],[0,0],[0,-13.477],[0,0],[-13.5,0],[0,0],[0,13.486],[0,0],[0,0]],"v":[[-144.403,224.41],[-50.015,147.224],[226.468,147.224],[250.902,122.8],[250.902,-200.004],[226.468,-224.41],[-226.468,-224.41],[-250.902,-200.004],[-250.902,122.8],[-226.468,147.224],[-144.403,147.224]],"c":true},"ix":2},"nm":"Tracé 1","mn":"ADBE Vector Shape - Group","hd":false},{"ty":"fl","c":{"a":0,"k":[0.984000052658,0.745000023935,0.26699999641,1],"ix":4},"o":{"a":0,"k":100,"ix":5},"r":1,"bm":0,"nm":"Fond 1","mn":"ADBE Vector Graphic - Fill","hd":false},{"ty":"tr","p":{"a":0,"k":[344.186,455.442],"ix":2},"a":{"a":0,"k":[0,0],"ix":1},"s":{"a":0,"k":[100,100],"ix":3},"r":{"a":0,"k":0,"ix":6},"o":{"a":0,"k":100,"ix":7},"sk":{"a":0,"k":0,"ix":4},"sa":{"a":0,"k":0,"ix":5},"nm":"Transform"}],"nm":"Groupe 2","np":2,"cix":2,"bm":0,"ix":1,"mn":"ADBE Vector Group","hd":false}],"ip":162,"op":235,"st":50,"bm":0},{"ddd":0,"ind":5,"ty":4,"nm":"bulle_04_shadow","sr":1,"ks":{"o":{"a":0,"k":100,"ix":11},"r":{"a":0,"k":0,"ix":10},"p":{"a":1,"k":[{"i":{"x":0.667,"y":1},"o":{"x":0.333,"y":0},"t":0,"s":[506,508,0],"to":[0,-30,0],"ti":[5.007,-1.744,0]},{"i":{"x":0.667,"y":1},"o":{"x":0.333,"y":0},"t":37,"s":[506,328,0],"to":[-5.007,1.744,0],"ti":[5.007,-31.744,0]},{"i":{"x":0.667,"y":1},"o":{"x":0.333,"y":0},"t":84,"s":[475.959,518.465,0],"to":[0,0,0],"ti":[0,0,0]},{"i":{"x":0.667,"y":1},"o":{"x":0.333,"y":0},"t":100,"s":[478.216,515.311,0],"to":[0,0,0],"ti":[0,0,0]},{"i":{"x":0.667,"y":1},"o":{"x":0.333,"y":0},"t":121,"s":[475.959,518.465,0],"to":[5.007,-31.744,0],"ti":[-5.007,1.744,0]},{"i":{"x":0.667,"y":1},"o":{"x":0.333,"y":0},"t":162,"s":[506,328,0],"to":[5.007,-1.744,0],"ti":[0,-30,0]},{"i":{"x":0.563,"y":1},"o":{"x":0.333,"y":0},"t":200,"s":[506,508,0],"to":[0,0,0],"ti":[0,0,0]},{"i":{"x":1,"y":1},"o":{"x":0.471,"y":0},"t":214,"s":[509.552,504.448,0],"to":[0,0,0],"ti":[0,0,0]},{"t":235,"s":[506,508,0]}],"ix":2},"a":{"a":0,"k":[500,500,0],"ix":1},"s":{"a":0,"k":[100,100,100],"ix":6}},"ao":0,"shapes":[{"ty":"gr","it":[{"ind":0,"ty":"sh","ix":1,"ks":{"a":0,"k":{"i":[[0,0],[0,0],[0,0],[0,13.486],[0,0],[13.5,0],[0,0],[0,-13.477],[0,0],[-13.5,0],[0,0]],"o":[[0,0],[0,0],[13.5,0],[0,0],[0,-13.477],[0,0],[-13.5,0],[0,0],[0,13.486],[0,0],[0,0]],"v":[[-144.403,224.41],[-50.015,147.224],[226.468,147.224],[250.902,122.8],[250.902,-200.004],[226.468,-224.41],[-226.468,-224.41],[-250.902,-200.004],[-250.902,122.8],[-226.468,147.224],[-144.403,147.224]],"c":true},"ix":2},"nm":"Tracé 1","mn":"ADBE Vector Shape - Group","hd":false},{"ty":"fl","c":{"a":0,"k":[0.280000001192,0.280000001192,0.280000001192,1],"ix":4},"o":{"a":0,"k":20,"ix":5},"r":1,"bm":0,"nm":"Fond 1","mn":"ADBE Vector Graphic - Fill","hd":false},{"ty":"tr","p":{"a":0,"k":[344.186,455.442],"ix":2},"a":{"a":0,"k":[0,0],"ix":1},"s":{"a":0,"k":[100,100],"ix":3},"r":{"a":0,"k":0,"ix":6},"o":{"a":0,"k":100,"ix":7},"sk":{"a":0,"k":0,"ix":4},"sa":{"a":0,"k":0,"ix":5},"nm":"Transform"}],"nm":"Groupe 2","np":2,"cix":2,"bm":0,"ix":1,"mn":"ADBE Vector Group","hd":false}],"ip":162,"op":235,"st":50,"bm":0},{"ddd":0,"ind":6,"ty":4,"nm":"symbole_01","parent":8,"sr":1,"ks":{"o":{"a":0,"k":100,"ix":11},"r":{"a":0,"k":0,"ix":10},"p":{"a":0,"k":[500,500,0],"ix":2},"a":{"a":0,"k":[500,500,0],"ix":1},"s":{"a":0,"k":[100,100,100],"ix":6}},"ao":0,"shapes":[{"ty":"gr","it":[{"ind":0,"ty":"sh","ix":1,"ks":{"a":0,"k":{"i":[[0,0],[0,0],[0,0]],"o":[[0,0],[0,0],[0,0]],"v":[[42.033,36.333],[0.19,-80.079],[-42.033,36.333]],"c":true},"ix":2},"nm":"Tracé 1","mn":"ADBE Vector Shape - Group","hd":false},{"ind":1,"ty":"sh","ix":2,"ks":{"a":0,"k":{"i":[[0,0],[0,0],[0,0],[0,0],[0,0],[0,0],[0,0],[0,0]],"o":[[0,0],[0,0],[0,0],[0,0],[0,0],[0,0],[0,0],[0,0]],"v":[[23.788,-126.875],[121.565,126.875],[77.249,126.875],[56.875,71.397],[-55.02,71.397],[-76.869,126.875],[-121.565,126.875],[-23.418,-126.875]],"c":true},"ix":2},"nm":"Tracé 2","mn":"ADBE Vector Shape - Group","hd":false},{"ty":"mm","mm":1,"nm":"Fusionner les tracés 1","mn":"ADBE Vector Filter - Merge","hd":false},{"ty":"fl","c":{"a":0,"k":[1,1,1,1],"ix":4},"o":{"a":0,"k":100,"ix":5},"r":1,"bm":0,"nm":"Fond 1","mn":"ADBE Vector Graphic - Fill","hd":false},{"ty":"tr","p":{"a":0,"k":[334.504,405.953],"ix":2},"a":{"a":0,"k":[0,0],"ix":1},"s":{"a":0,"k":[100,100],"ix":3},"r":{"a":0,"k":0,"ix":6},"o":{"a":0,"k":100,"ix":7},"sk":{"a":0,"k":0,"ix":4},"sa":{"a":0,"k":0,"ix":5},"nm":"Transform"}],"nm":"Groupe 1","np":4,"cix":2,"bm":0,"ix":1,"mn":"ADBE Vector Group","hd":false}],"ip":0,"op":37,"st":0,"bm":0},{"ddd":0,"ind":7,"ty":4,"nm":"symbole_01 shadow","parent":8,"sr":1,"ks":{"o":{"a":0,"k":100,"ix":11},"r":{"a":0,"k":0,"ix":10},"p":{"a":0,"k":[510,510,0],"ix":2},"a":{"a":0,"k":[500,500,0],"ix":1},"s":{"a":0,"k":[100,100,100],"ix":6}},"ao":0,"shapes":[{"ty":"gr","it":[{"ind":0,"ty":"sh","ix":1,"ks":{"a":0,"k":{"i":[[0,0],[0,0],[0,0]],"o":[[0,0],[0,0],[0,0]],"v":[[42.033,36.333],[0.19,-80.079],[-42.033,36.333]],"c":true},"ix":2},"nm":"Tracé 1","mn":"ADBE Vector Shape - Group","hd":false},{"ind":1,"ty":"sh","ix":2,"ks":{"a":0,"k":{"i":[[0,0],[0,0],[0,0],[0,0],[0,0],[0,0],[0,0],[0,0]],"o":[[0,0],[0,0],[0,0],[0,0],[0,0],[0,0],[0,0],[0,0]],"v":[[23.788,-126.875],[121.565,126.875],[77.249,126.875],[56.875,71.397],[-55.02,71.397],[-76.869,126.875],[-121.565,126.875],[-23.418,-126.875]],"c":true},"ix":2},"nm":"Tracé 2","mn":"ADBE Vector Shape - Group","hd":false},{"ty":"mm","mm":1,"nm":"Fusionner les tracés 1","mn":"ADBE Vector Filter - Merge","hd":false},{"ty":"fl","c":{"a":0,"k":[0.800000011921,0.605577588081,0.216733068228,1],"ix":4},"o":{"a":0,"k":20,"ix":5},"r":1,"bm":0,"nm":"Fond 1","mn":"ADBE Vector Graphic - Fill","hd":false},{"ty":"tr","p":{"a":0,"k":[334.504,405.953],"ix":2},"a":{"a":0,"k":[0,0],"ix":1},"s":{"a":0,"k":[100,100],"ix":3},"r":{"a":0,"k":0,"ix":6},"o":{"a":0,"k":100,"ix":7},"sk":{"a":0,"k":0,"ix":4},"sa":{"a":0,"k":0,"ix":5},"nm":"Transform"}],"nm":"Groupe 1","np":4,"cix":2,"bm":0,"ix":1,"mn":"ADBE Vector Group","hd":false}],"ip":0,"op":37,"st":0,"bm":0},{"ddd":0,"ind":8,"ty":4,"nm":"bulle_01","sr":1,"ks":{"o":{"a":0,"k":100,"ix":11},"r":{"a":0,"k":0,"ix":10},"p":{"a":1,"k":[{"i":{"x":0.667,"y":1},"o":{"x":0.333,"y":0},"t":0,"s":[500,500,0],"to":[0,-30,0],"ti":[5.007,-1.744,0]},{"i":{"x":0.667,"y":1},"o":{"x":0.333,"y":0},"t":37,"s":[500,320,0],"to":[-5.007,1.744,0],"ti":[5.007,-31.744,0]},{"i":{"x":0.667,"y":1},"o":{"x":0.333,"y":0},"t":84,"s":[469.959,510.465,0],"to":[0,0,0],"ti":[0,0,0]},{"i":{"x":0.667,"y":1},"o":{"x":0.333,"y":0},"t":100,"s":[472.216,507.311,0],"to":[0,0,0],"ti":[0,0,0]},{"i":{"x":0.667,"y":1},"o":{"x":0.333,"y":0},"t":121,"s":[469.959,510.465,0],"to":[5.007,-31.744,0],"ti":[-5.007,1.744,0]},{"i":{"x":0.667,"y":1},"o":{"x":0.333,"y":0},"t":162,"s":[500,320,0],"to":[5.007,-1.744,0],"ti":[0,-30,0]},{"i":{"x":0.563,"y":1},"o":{"x":0.333,"y":0},"t":200,"s":[500,500,0],"to":[0,0,0],"ti":[0,0,0]},{"i":{"x":1,"y":1},"o":{"x":0.471,"y":0},"t":214,"s":[503.552,496.448,0],"to":[0,0,0],"ti":[0,0,0]},{"t":235,"s":[500,500,0]}],"ix":2},"a":{"a":0,"k":[500,500,0],"ix":1},"s":{"a":0,"k":[100,100,100],"ix":6}},"ao":0,"shapes":[{"ty":"gr","it":[{"ind":0,"ty":"sh","ix":1,"ks":{"a":0,"k":{"i":[[0,0],[0,0],[0,0],[0,13.486],[0,0],[13.5,0],[0,0],[0,-13.477],[0,0],[-13.5,0],[0,0]],"o":[[0,0],[0,0],[13.5,0],[0,0],[0,-13.477],[0,0],[-13.5,0],[0,0],[0,13.486],[0,0],[0,0]],"v":[[-144.403,224.41],[-50.015,147.224],[226.468,147.224],[250.902,122.8],[250.902,-200.004],[226.468,-224.41],[-226.468,-224.41],[-250.902,-200.004],[-250.902,122.8],[-226.468,147.224],[-144.403,147.224]],"c":true},"ix":2},"nm":"Tracé 1","mn":"ADBE Vector Shape - Group","hd":false},{"ty":"fl","c":{"a":0,"k":[0.984000052658,0.745000023935,0.26699999641,1],"ix":4},"o":{"a":0,"k":100,"ix":5},"r":1,"bm":0,"nm":"Fond 1","mn":"ADBE Vector Graphic - Fill","hd":false},{"ty":"tr","p":{"a":0,"k":[344.186,455.442],"ix":2},"a":{"a":0,"k":[0,0],"ix":1},"s":{"a":0,"k":[100,100],"ix":3},"r":{"a":0,"k":0,"ix":6},"o":{"a":0,"k":100,"ix":7},"sk":{"a":0,"k":0,"ix":4},"sa":{"a":0,"k":0,"ix":5},"nm":"Transform"}],"nm":"Groupe 2","np":2,"cix":2,"bm":0,"ix":1,"mn":"ADBE Vector Group","hd":false}],"ip":0,"op":37,"st":0,"bm":0},{"ddd":0,"ind":9,"ty":4,"nm":"bulle_01_shadow","sr":1,"ks":{"o":{"a":0,"k":100,"ix":11},"r":{"a":0,"k":0,"ix":10},"p":{"a":1,"k":[{"i":{"x":0.667,"y":1},"o":{"x":0.333,"y":0},"t":0,"s":[506,508,0],"to":[0,-30,0],"ti":[5.007,-1.744,0]},{"i":{"x":0.667,"y":1},"o":{"x":0.333,"y":0},"t":37,"s":[506,328,0],"to":[-5.007,1.744,0],"ti":[5.007,-31.744,0]},{"i":{"x":0.667,"y":1},"o":{"x":0.333,"y":0},"t":84,"s":[475.959,518.465,0],"to":[0,0,0],"ti":[0,0,0]},{"i":{"x":0.667,"y":1},"o":{"x":0.333,"y":0},"t":100,"s":[478.216,515.311,0],"to":[0,0,0],"ti":[0,0,0]},{"i":{"x":0.667,"y":1},"o":{"x":0.333,"y":0},"t":121,"s":[475.959,518.465,0],"to":[5.007,-31.744,0],"ti":[-5.007,1.744,0]},{"i":{"x":0.667,"y":1},"o":{"x":0.333,"y":0},"t":162,"s":[506,328,0],"to":[5.007,-1.744,0],"ti":[0,-30,0]},{"i":{"x":0.563,"y":1},"o":{"x":0.333,"y":0},"t":200,"s":[506,508,0],"to":[0,0,0],"ti":[0,0,0]},{"i":{"x":1,"y":1},"o":{"x":0.471,"y":0},"t":214,"s":[509.552,504.448,0],"to":[0,0,0],"ti":[0,0,0]},{"t":235,"s":[506,508,0]}],"ix":2},"a":{"a":0,"k":[500,500,0],"ix":1},"s":{"a":0,"k":[100,100,100],"ix":6}},"ao":0,"shapes":[{"ty":"gr","it":[{"ind":0,"ty":"sh","ix":1,"ks":{"a":0,"k":{"i":[[0,0],[0,0],[0,0],[0,13.486],[0,0],[13.5,0],[0,0],[0,-13.477],[0,0],[-13.5,0],[0,0]],"o":[[0,0],[0,0],[13.5,0],[0,0],[0,-13.477],[0,0],[-13.5,0],[0,0],[0,13.486],[0,0],[0,0]],"v":[[-144.403,224.41],[-50.015,147.224],[226.468,147.224],[250.902,122.8],[250.902,-200.004],[226.468,-224.41],[-226.468,-224.41],[-250.902,-200.004],[-250.902,122.8],[-226.468,147.224],[-144.403,147.224]],"c":true},"ix":2},"nm":"Tracé 1","mn":"ADBE Vector Shape - Group","hd":false},{"ty":"fl","c":{"a":0,"k":[0.280000001192,0.280000001192,0.280000001192,1],"ix":4},"o":{"a":0,"k":20,"ix":5},"r":1,"bm":0,"nm":"Fond 1","mn":"ADBE Vector Graphic - Fill","hd":false},{"ty":"tr","p":{"a":0,"k":[344.186,455.442],"ix":2},"a":{"a":0,"k":[0,0],"ix":1},"s":{"a":0,"k":[100,100],"ix":3},"r":{"a":0,"k":0,"ix":6},"o":{"a":0,"k":100,"ix":7},"sk":{"a":0,"k":0,"ix":4},"sa":{"a":0,"k":0,"ix":5},"nm":"Transform"}],"nm":"Groupe 2","np":2,"cix":2,"bm":0,"ix":1,"mn":"ADBE Vector Group","hd":false}],"ip":0,"op":37,"st":0,"bm":0},{"ddd":0,"ind":10,"ty":4,"nm":"symbole_02","parent":12,"sr":1,"ks":{"o":{"a":0,"k":100,"ix":11},"r":{"a":0,"k":0,"ix":10},"p":{"a":0,"k":[500,500,0],"ix":2},"a":{"a":0,"k":[500,500,0],"ix":1},"s":{"a":0,"k":[100,100,100],"ix":6}},"ao":0,"shapes":[{"ty":"gr","it":[{"ind":0,"ty":"sh","ix":1,"ks":{"a":0,"k":{"i":[[0,0],[0,0],[0,0],[45.757,-47.124],[-26.999,-11.181],[0,0],[21.457,17.933],[42.612,-19.664],[0,0],[-22.524,18.127],[1.056,2.434],[0,0],[-33.695,-34.531],[-1.67,18.748],[0,0],[0,0],[0,0],[0,0],[0,0],[0,0]],"o":[[0,0],[0,0],[-1.626,24.361],[18.606,15.143],[0,0],[-32.132,-13.313],[-25.161,20.827],[0,0],[38.216,-17.639],[-37.027,-38.19],[0,0],[0.23,0.524],[38.509,-39.354],[0,0],[0,0],[0,0],[0,0],[0,0],[0,0],[0,0]],"v":[[127.297,-101.193],[127.297,-67.444],[84.56,-67.444],[27.008,48.021],[95.198,88.778],[82.729,118.877],[2.682,70.411],[-97.819,131.835],[-111.47,102.26],[-21.404,48.039],[-75.268,-28.1],[-45.392,-41.085],[2.957,26.041],[51.956,-67.444],[-127.297,-67.444],[-127.297,-101.193],[-16.875,-101.193],[-16.875,-131.834],[16.865,-131.834],[16.865,-101.193]],"c":true},"ix":2},"nm":"Tracé 1","mn":"ADBE Vector Shape - Group","hd":false},{"ty":"fl","c":{"a":0,"k":[1,1,1,1],"ix":4},"o":{"a":0,"k":100,"ix":5},"r":1,"bm":0,"nm":"Fond 1","mn":"ADBE Vector Graphic - Fill","hd":false},{"ty":"tr","p":{"a":0,"k":[709.936,541.944],"ix":2},"a":{"a":0,"k":[0,0],"ix":1},"s":{"a":0,"k":[100,100],"ix":3},"r":{"a":0,"k":0,"ix":6},"o":{"a":0,"k":100,"ix":7},"sk":{"a":0,"k":0,"ix":4},"sa":{"a":0,"k":0,"ix":5},"nm":"Transform"}],"nm":"Groupe 3","np":2,"cix":2,"bm":0,"ix":1,"mn":"ADBE Vector Group","hd":false}],"ip":0,"op":235,"st":0,"bm":0},{"ddd":0,"ind":11,"ty":4,"nm":"symbole_02_shadow","parent":12,"sr":1,"ks":{"o":{"a":0,"k":100,"ix":11},"r":{"a":0,"k":0,"ix":10},"p":{"a":0,"k":[510,510,0],"ix":2},"a":{"a":0,"k":[500,500,0],"ix":1},"s":{"a":0,"k":[100,100,100],"ix":6}},"ao":0,"shapes":[{"ty":"gr","it":[{"ind":0,"ty":"sh","ix":1,"ks":{"a":0,"k":{"i":[[0,0],[0,0],[0,0],[45.757,-47.124],[-26.999,-11.181],[0,0],[21.457,17.933],[42.612,-19.664],[0,0],[-22.524,18.127],[1.056,2.434],[0,0],[-33.695,-34.531],[-1.67,18.748],[0,0],[0,0],[0,0],[0,0],[0,0],[0,0]],"o":[[0,0],[0,0],[-1.626,24.361],[18.606,15.143],[0,0],[-32.132,-13.313],[-25.161,20.827],[0,0],[38.216,-17.639],[-37.027,-38.19],[0,0],[0.23,0.524],[38.509,-39.354],[0,0],[0,0],[0,0],[0,0],[0,0],[0,0],[0,0]],"v":[[127.297,-101.193],[127.297,-67.444],[84.56,-67.444],[27.008,48.021],[95.198,88.778],[82.729,118.877],[2.682,70.411],[-97.819,131.835],[-111.47,102.26],[-21.404,48.039],[-75.268,-28.1],[-45.392,-41.085],[2.957,26.041],[51.956,-67.444],[-127.297,-67.444],[-127.297,-101.193],[-16.875,-101.193],[-16.875,-131.834],[16.865,-131.834],[16.865,-101.193]],"c":true},"ix":2},"nm":"Tracé 1","mn":"ADBE Vector Shape - Group","hd":false},{"ty":"fl","c":{"a":0,"k":[0.272941172123,0.326274544001,0.800000011921,1],"ix":4},"o":{"a":0,"k":20,"ix":5},"r":1,"bm":0,"nm":"Fond 1","mn":"ADBE Vector Graphic - Fill","hd":false},{"ty":"tr","p":{"a":0,"k":[709.936,541.944],"ix":2},"a":{"a":0,"k":[0,0],"ix":1},"s":{"a":0,"k":[100,100],"ix":3},"r":{"a":0,"k":0,"ix":6},"o":{"a":0,"k":100,"ix":7},"sk":{"a":0,"k":0,"ix":4},"sa":{"a":0,"k":0,"ix":5},"nm":"Transform"}],"nm":"Groupe 3","np":2,"cix":2,"bm":0,"ix":1,"mn":"ADBE Vector Group","hd":false}],"ip":0,"op":235,"st":0,"bm":0},{"ddd":0,"ind":12,"ty":4,"nm":"bulle_02","sr":1,"ks":{"o":{"a":0,"k":100,"ix":11},"r":{"a":0,"k":0,"ix":10},"p":{"a":1,"k":[{"i":{"x":0.667,"y":1},"o":{"x":0.333,"y":0},"t":0,"s":[56,114,0],"to":[0,16.667,0],"ti":[-2.437,0.862,0]},{"i":{"x":0.667,"y":1},"o":{"x":0.333,"y":0},"t":37,"s":[56,214,0],"to":[2.437,-0.862,0],"ti":[-2.437,17.529,0]},{"i":{"x":0.667,"y":0.662},"o":{"x":0.333,"y":0},"t":84,"s":[70.62,108.827,0],"to":[0,0,0],"ti":[0.882,-0.604,0]},{"i":{"x":0.667,"y":1},"o":{"x":0.333,"y":0.287},"t":104,"s":[69.356,111.796,0],"to":[-0.314,0.215,0],"ti":[0,0,0]},{"i":{"x":0.667,"y":1},"o":{"x":0.333,"y":0},"t":121,"s":[70.62,108.827,0],"to":[-2.437,17.529,0],"ti":[2.437,-0.862,0]},{"i":{"x":0.667,"y":1},"o":{"x":0.333,"y":0},"t":162,"s":[56,214,0],"to":[-2.437,0.862,0],"ti":[0,16.667,0]},{"i":{"x":0.588,"y":1},"o":{"x":0.333,"y":0},"t":200,"s":[56,114,0],"to":[0,0,0],"ti":[0,0,0]},{"i":{"x":1,"y":1},"o":{"x":0.518,"y":0},"t":220,"s":[53.796,116.765,0],"to":[0,0,0],"ti":[0,0,0]},{"t":235,"s":[56,114,0]}],"ix":2},"a":{"a":0,"k":[50,50,0],"ix":1},"s":{"a":0,"k":[100,100,100],"ix":6}},"ao":0,"shapes":[{"ty":"gr","it":[{"ind":0,"ty":"sh","ix":1,"ks":{"a":0,"k":{"i":[[0,0],[0,0],[0,0],[0,15.999],[0,0],[-16.015,0],[0,0],[0,-15.988],[0,0],[16.015,0],[0,0]],"o":[[0,0],[0,0],[-16.015,0],[0,0],[0,-15.988],[0,0],[16.015,0],[0,0],[0,15.999],[0,0],[0,0]],"v":[[127.552,223.934],[15.577,132.368],[-199.039,132.368],[-228.026,103.392],[-228.026,-194.979],[-199.039,-223.933],[199.04,-223.933],[228.026,-194.979],[228.026,103.392],[199.04,132.368],[127.552,132.368]],"c":true},"ix":2},"nm":"Tracé 1","mn":"ADBE Vector Shape - Group","hd":false},{"ty":"fl","c":{"a":0,"k":[0.340999977261,0.40800000359,1,1],"ix":4},"o":{"a":0,"k":100,"ix":5},"r":1,"bm":0,"nm":"Fond 1","mn":"ADBE Vector Graphic - Fill","hd":false},{"ty":"tr","p":{"a":0,"k":[701.69,591.035],"ix":2},"a":{"a":0,"k":[0,0],"ix":1},"s":{"a":0,"k":[100,100],"ix":3},"r":{"a":0,"k":0,"ix":6},"o":{"a":0,"k":100,"ix":7},"sk":{"a":0,"k":0,"ix":4},"sa":{"a":0,"k":0,"ix":5},"nm":"Transform"}],"nm":"Groupe 4","np":2,"cix":2,"bm":0,"ix":1,"mn":"ADBE Vector Group","hd":false}],"ip":0,"op":235,"st":0,"bm":0},{"ddd":0,"ind":13,"ty":4,"nm":"bulle_02_shadow","sr":1,"ks":{"o":{"a":0,"k":100,"ix":11},"r":{"a":0,"k":0,"ix":10},"p":{"a":1,"k":[{"i":{"x":0.667,"y":1},"o":{"x":0.333,"y":0},"t":0,"s":[56,114,0],"to":[0,16.667,0],"ti":[-2.437,0.862,0]},{"i":{"x":0.667,"y":1},"o":{"x":0.333,"y":0},"t":37,"s":[56,214,0],"to":[2.437,-0.862,0],"ti":[-2.437,17.529,0]},{"i":{"x":0.667,"y":0.662},"o":{"x":0.333,"y":0},"t":84,"s":[70.62,108.827,0],"to":[0,0,0],"ti":[0.882,-0.604,0]},{"i":{"x":0.667,"y":1},"o":{"x":0.333,"y":0.287},"t":104,"s":[69.356,111.796,0],"to":[-0.314,0.215,0],"ti":[0,0,0]},{"i":{"x":0.667,"y":1},"o":{"x":0.333,"y":0},"t":121,"s":[70.62,108.827,0],"to":[-2.437,17.529,0],"ti":[2.437,-0.862,0]},{"i":{"x":0.667,"y":1},"o":{"x":0.333,"y":0},"t":162,"s":[56,214,0],"to":[-2.437,0.862,0],"ti":[0,16.667,0]},{"i":{"x":0.588,"y":1},"o":{"x":0.333,"y":0},"t":200,"s":[56,114,0],"to":[0,0,0],"ti":[0,0,0]},{"i":{"x":1,"y":1},"o":{"x":0.518,"y":0},"t":220,"s":[53.796,116.765,0],"to":[0,0,0],"ti":[0,0,0]},{"t":235,"s":[56,114,0]}],"ix":2},"a":{"a":0,"k":[50,50,0],"ix":1},"s":{"a":0,"k":[100,100,100],"ix":6}},"ao":0,"shapes":[{"ty":"gr","it":[{"ind":0,"ty":"sh","ix":1,"ks":{"a":0,"k":{"i":[[0,0],[0,0],[0,0],[0,15.999],[0,0],[-16.015,0],[0,0],[0,-15.988],[0,0],[16.015,0],[0,0]],"o":[[0,0],[0,0],[-16.015,0],[0,0],[0,-15.988],[0,0],[16.015,0],[0,0],[0,15.999],[0,0],[0,0]],"v":[[127.552,223.934],[15.577,132.368],[-199.039,132.368],[-228.026,103.392],[-228.026,-194.979],[-199.039,-223.933],[199.04,-223.933],[228.026,-194.979],[228.026,103.392],[199.04,132.368],[127.552,132.368]],"c":true},"ix":2},"nm":"Tracé 1","mn":"ADBE Vector Shape - Group","hd":false},{"ty":"fl","c":{"a":0,"k":[0.280000001192,0.280000001192,0.280000001192,1],"ix":4},"o":{"a":0,"k":20,"ix":5},"r":1,"bm":0,"nm":"Fond 1","mn":"ADBE Vector Graphic - Fill","hd":false},{"ty":"tr","p":{"a":0,"k":[707.69,599.035],"ix":2},"a":{"a":0,"k":[0,0],"ix":1},"s":{"a":0,"k":[100,100],"ix":3},"r":{"a":0,"k":0,"ix":6},"o":{"a":0,"k":100,"ix":7},"sk":{"a":0,"k":0,"ix":4},"sa":{"a":0,"k":0,"ix":5},"nm":"Transform"}],"nm":"Groupe 4","np":2,"cix":2,"bm":0,"ix":1,"mn":"ADBE Vector Group","hd":false}],"ip":0,"op":235,"st":0,"bm":0},{"ddd":0,"ind":14,"ty":4,"nm":"symbole_03","parent":16,"sr":1,"ks":{"o":{"a":0,"k":100,"ix":11},"r":{"a":0,"k":0,"ix":10},"p":{"a":0,"k":[500,500,0],"ix":2},"a":{"a":0,"k":[500,500,0],"ix":1},"s":{"a":0,"k":[100,100,100],"ix":6}},"ao":0,"shapes":[{"ty":"gr","it":[{"ind":0,"ty":"sh","ix":1,"ks":{"a":0,"k":{"i":[[0,0],[0,0],[0,0]],"o":[[0,0],[0,0],[0,0]],"v":[[42.033,36.333],[0.19,-80.079],[-42.033,36.333]],"c":true},"ix":2},"nm":"Tracé 1","mn":"ADBE Vector Shape - Group","hd":false},{"ind":1,"ty":"sh","ix":2,"ks":{"a":0,"k":{"i":[[0,0],[0,0],[0,0],[0,0],[0,0],[0,0],[0,0],[0,0]],"o":[[0,0],[0,0],[0,0],[0,0],[0,0],[0,0],[0,0],[0,0]],"v":[[23.788,-126.875],[121.565,126.875],[77.249,126.875],[56.875,71.397],[-55.02,71.397],[-76.869,126.875],[-121.565,126.875],[-23.418,-126.875]],"c":true},"ix":2},"nm":"Tracé 2","mn":"ADBE Vector Shape - Group","hd":false},{"ty":"mm","mm":1,"nm":"Fusionner les tracés 1","mn":"ADBE Vector Filter - Merge","hd":false},{"ty":"fl","c":{"a":0,"k":[1,1,1,1],"ix":4},"o":{"a":0,"k":100,"ix":5},"r":1,"bm":0,"nm":"Fond 1","mn":"ADBE Vector Graphic - Fill","hd":false},{"ty":"tr","p":{"a":0,"k":[334.504,405.953],"ix":2},"a":{"a":0,"k":[0,0],"ix":1},"s":{"a":0,"k":[100,100],"ix":3},"r":{"a":0,"k":0,"ix":6},"o":{"a":0,"k":100,"ix":7},"sk":{"a":0,"k":0,"ix":4},"sa":{"a":0,"k":0,"ix":5},"nm":"Transform"}],"nm":"Groupe 1","np":4,"cix":2,"bm":0,"ix":1,"mn":"ADBE Vector Group","hd":false}],"ip":37,"op":162,"st":0,"bm":0},{"ddd":0,"ind":15,"ty":4,"nm":"symbole_03_shadow","parent":16,"sr":1,"ks":{"o":{"a":0,"k":100,"ix":11},"r":{"a":0,"k":0,"ix":10},"p":{"a":0,"k":[510,508,0],"ix":2},"a":{"a":0,"k":[500,500,0],"ix":1},"s":{"a":0,"k":[100,100,100],"ix":6}},"ao":0,"shapes":[{"ty":"gr","it":[{"ind":0,"ty":"sh","ix":1,"ks":{"a":0,"k":{"i":[[0,0],[0,0],[0,0]],"o":[[0,0],[0,0],[0,0]],"v":[[42.033,36.333],[0.19,-80.079],[-42.033,36.333]],"c":true},"ix":2},"nm":"Tracé 1","mn":"ADBE Vector Shape - Group","hd":false},{"ind":1,"ty":"sh","ix":2,"ks":{"a":0,"k":{"i":[[0,0],[0,0],[0,0],[0,0],[0,0],[0,0],[0,0],[0,0]],"o":[[0,0],[0,0],[0,0],[0,0],[0,0],[0,0],[0,0],[0,0]],"v":[[23.788,-126.875],[121.565,126.875],[77.249,126.875],[56.875,71.397],[-55.02,71.397],[-76.869,126.875],[-121.565,126.875],[-23.418,-126.875]],"c":true},"ix":2},"nm":"Tracé 2","mn":"ADBE Vector Shape - Group","hd":false},{"ty":"mm","mm":1,"nm":"Fusionner les tracés 1","mn":"ADBE Vector Filter - Merge","hd":false},{"ty":"fl","c":{"a":0,"k":[0.800000011921,0.605577588081,0.216733068228,1],"ix":4},"o":{"a":0,"k":20,"ix":5},"r":1,"bm":0,"nm":"Fond 1","mn":"ADBE Vector Graphic - Fill","hd":false},{"ty":"tr","p":{"a":0,"k":[334.504,405.953],"ix":2},"a":{"a":0,"k":[0,0],"ix":1},"s":{"a":0,"k":[100,100],"ix":3},"r":{"a":0,"k":0,"ix":6},"o":{"a":0,"k":100,"ix":7},"sk":{"a":0,"k":0,"ix":4},"sa":{"a":0,"k":0,"ix":5},"nm":"Transform"}],"nm":"Groupe 1","np":4,"cix":2,"bm":0,"ix":1,"mn":"ADBE Vector Group","hd":false}],"ip":37,"op":162,"st":0,"bm":0},{"ddd":0,"ind":16,"ty":4,"nm":"bulle_03","sr":1,"ks":{"o":{"a":0,"k":100,"ix":11},"r":{"a":0,"k":0,"ix":10},"p":{"a":1,"k":[{"i":{"x":0.667,"y":1},"o":{"x":0.333,"y":0},"t":0,"s":[500,500,0],"to":[0,-30,0],"ti":[5.007,-1.744,0]},{"i":{"x":0.667,"y":1},"o":{"x":0.333,"y":0},"t":37,"s":[500,320,0],"to":[-5.007,1.744,0],"ti":[5.007,-31.744,0]},{"i":{"x":0.667,"y":1},"o":{"x":0.333,"y":0},"t":84,"s":[469.959,510.465,0],"to":[0,0,0],"ti":[0,0,0]},{"i":{"x":0.667,"y":1},"o":{"x":0.333,"y":0},"t":100,"s":[472.216,507.311,0],"to":[0,0,0],"ti":[0,0,0]},{"i":{"x":0.667,"y":1},"o":{"x":0.333,"y":0},"t":121,"s":[469.959,510.465,0],"to":[5.007,-31.744,0],"ti":[-5.007,1.744,0]},{"i":{"x":0.667,"y":1},"o":{"x":0.333,"y":0},"t":162,"s":[500,320,0],"to":[5.007,-1.744,0],"ti":[0,-30,0]},{"i":{"x":0.563,"y":1},"o":{"x":0.333,"y":0},"t":200,"s":[500,500,0],"to":[0,0,0],"ti":[0,0,0]},{"i":{"x":1,"y":1},"o":{"x":0.471,"y":0},"t":214,"s":[503.552,496.448,0],"to":[0,0,0],"ti":[0,0,0]},{"t":235,"s":[500,500,0]}],"ix":2},"a":{"a":0,"k":[500,500,0],"ix":1},"s":{"a":0,"k":[100,100,100],"ix":6}},"ao":0,"shapes":[{"ty":"gr","it":[{"ind":0,"ty":"sh","ix":1,"ks":{"a":0,"k":{"i":[[0,0],[0,0],[0,0],[0,13.486],[0,0],[13.5,0],[0,0],[0,-13.477],[0,0],[-13.5,0],[0,0]],"o":[[0,0],[0,0],[13.5,0],[0,0],[0,-13.477],[0,0],[-13.5,0],[0,0],[0,13.486],[0,0],[0,0]],"v":[[-144.403,224.41],[-50.015,147.224],[226.468,147.224],[250.902,122.8],[250.902,-200.004],[226.468,-224.41],[-226.468,-224.41],[-250.902,-200.004],[-250.902,122.8],[-226.468,147.224],[-144.403,147.224]],"c":true},"ix":2},"nm":"Tracé 1","mn":"ADBE Vector Shape - Group","hd":false},{"ty":"fl","c":{"a":0,"k":[0.984000052658,0.745000023935,0.26699999641,1],"ix":4},"o":{"a":0,"k":100,"ix":5},"r":1,"bm":0,"nm":"Fond 1","mn":"ADBE Vector Graphic - Fill","hd":false},{"ty":"tr","p":{"a":0,"k":[344.186,455.442],"ix":2},"a":{"a":0,"k":[0,0],"ix":1},"s":{"a":0,"k":[100,100],"ix":3},"r":{"a":0,"k":0,"ix":6},"o":{"a":0,"k":100,"ix":7},"sk":{"a":0,"k":0,"ix":4},"sa":{"a":0,"k":0,"ix":5},"nm":"Transform"}],"nm":"Groupe 2","np":2,"cix":2,"bm":0,"ix":1,"mn":"ADBE Vector Group","hd":false}],"ip":37,"op":162,"st":0,"bm":0},{"ddd":0,"ind":17,"ty":4,"nm":"bulle_03_shadow","sr":1,"ks":{"o":{"a":0,"k":100,"ix":11},"r":{"a":0,"k":0,"ix":10},"p":{"a":1,"k":[{"i":{"x":0.667,"y":1},"o":{"x":0.333,"y":0},"t":0,"s":[506,508,0],"to":[0,-30,0],"ti":[5.007,-1.744,0]},{"i":{"x":0.667,"y":1},"o":{"x":0.333,"y":0},"t":37,"s":[506,328,0],"to":[-5.007,1.744,0],"ti":[5.007,-31.744,0]},{"i":{"x":0.667,"y":1},"o":{"x":0.333,"y":0},"t":84,"s":[475.959,518.465,0],"to":[0,0,0],"ti":[0,0,0]},{"i":{"x":0.667,"y":1},"o":{"x":0.333,"y":0},"t":100,"s":[478.216,515.311,0],"to":[0,0,0],"ti":[0,0,0]},{"i":{"x":0.667,"y":1},"o":{"x":0.333,"y":0},"t":121,"s":[475.959,518.465,0],"to":[5.007,-31.744,0],"ti":[-5.007,1.744,0]},{"i":{"x":0.667,"y":1},"o":{"x":0.333,"y":0},"t":162,"s":[506,328,0],"to":[5.007,-1.744,0],"ti":[0,-30,0]},{"i":{"x":0.563,"y":1},"o":{"x":0.333,"y":0},"t":200,"s":[506,508,0],"to":[0,0,0],"ti":[0,0,0]},{"i":{"x":1,"y":1},"o":{"x":0.471,"y":0},"t":214,"s":[509.552,504.448,0],"to":[0,0,0],"ti":[0,0,0]},{"t":235,"s":[506,508,0]}],"ix":2},"a":{"a":0,"k":[500,500,0],"ix":1},"s":{"a":0,"k":[100,100,100],"ix":6}},"ao":0,"shapes":[{"ty":"gr","it":[{"ind":0,"ty":"sh","ix":1,"ks":{"a":0,"k":{"i":[[0,0],[0,0],[0,0],[0,13.486],[0,0],[13.5,0],[0,0],[0,-13.477],[0,0],[-13.5,0],[0,0]],"o":[[0,0],[0,0],[13.5,0],[0,0],[0,-13.477],[0,0],[-13.5,0],[0,0],[0,13.486],[0,0],[0,0]],"v":[[-144.403,224.41],[-50.015,147.224],[226.468,147.224],[250.902,122.8],[250.902,-200.004],[226.468,-224.41],[-226.468,-224.41],[-250.902,-200.004],[-250.902,122.8],[-226.468,147.224],[-144.403,147.224]],"c":true},"ix":2},"nm":"Tracé 1","mn":"ADBE Vector Shape - Group","hd":false},{"ty":"fl","c":{"a":0,"k":[0.280000001192,0.280000001192,0.280000001192,1],"ix":4},"o":{"a":0,"k":20,"ix":5},"r":1,"bm":0,"nm":"Fond 1","mn":"ADBE Vector Graphic - Fill","hd":false},{"ty":"tr","p":{"a":0,"k":[344.186,455.442],"ix":2},"a":{"a":0,"k":[0,0],"ix":1},"s":{"a":0,"k":[100,100],"ix":3},"r":{"a":0,"k":0,"ix":6},"o":{"a":0,"k":100,"ix":7},"sk":{"a":0,"k":0,"ix":4},"sa":{"a":0,"k":0,"ix":5},"nm":"Transform"}],"nm":"Groupe 2","np":2,"cix":2,"bm":0,"ix":1,"mn":"ADBE Vector Group","hd":false}],"ip":37,"op":162,"st":0,"bm":0}],"markers":[],"chars":[{"ch":"b","size":30,"style":"Thin","w":56.9,"data":{"shapes":[{"ty":"gr","it":[{"ind":0,"ty":"sh","ix":1,"ks":{"a":0,"k":{"i":[[6.949,0],[6.647,-2.115],[0,0],[0,0],[0,0],[-1.208,-0.906],[-3.424,-0.906],[-2.921,0],[-4.028,4.935],[0,7.352],[4.129,4.935]],"o":[[-4.733,0],[0,0],[0,0],[0,0],[0,1.913],[1.712,1.309],[3.525,0.806],[6.949,0],[4.129,-4.935],[0,-7.352],[-4.028,-4.935]],"v":[[28.5,-51.059],[11.481,-47.836],[11.481,-74.826],[9.366,-74.826],[9.366,-7.855],[11.179,-3.726],[18.832,-0.504],[28.5,0.705],[45.016,-6.647],[51.16,-25.177],[45.016,-43.607]],"c":true},"ix":2},"nm":"b","mn":"ADBE Vector Shape - Group","hd":false},{"ind":1,"ty":"sh","ix":2,"ks":{"a":0,"k":{"i":[[6.546,0],[3.928,2.719],[0,0],[-5.136,0],[-3.525,-4.633],[0,-6.546],[3.525,-4.633]],"o":[[-6.042,0],[0,0],[6.143,-2.216],[6.546,0],[3.525,4.633],[0,6.546],[-3.525,4.633]],"v":[[28.5,-1.41],[11.481,-5.841],[11.481,-45.621],[28.5,-48.944],[43.607,-41.995],[48.944,-25.177],[43.607,-8.359]],"c":true},"ix":2},"nm":"b","mn":"ADBE Vector Shape - Group","hd":false}],"nm":"b","np":5,"cix":2,"bm":0,"ix":1,"mn":"ADBE Vector Group","hd":false}]},"fFamily":"Jano Sans Pro"},{"ch":"y","size":30,"style":"Thin","w":53.4,"data":{"shapes":[{"ty":"gr","it":[{"ind":0,"ty":"sh","ix":1,"ks":{"a":0,"k":{"i":[[0,0],[0,0],[0,0],[0,0],[0,0],[4.633,0],[2.216,0.504],[0,0],[-1.913,0],[-2.719,7.15],[0,0],[0,0]],"o":[[0,0],[0,0],[0,0],[0,0],[-1.913,4.834],[-1.712,0],[0,0],[2.316,0.504],[6.546,0],[0,0],[0,0],[0,0]],"v":[[26.889,2.115],[7.251,-50.354],[5.035,-50.354],[25.681,5.136],[23.969,9.467],[14.2,16.718],[8.359,16.013],[7.956,18.228],[14.301,18.933],[26.889,8.459],[48.743,-50.354],[46.527,-50.354]],"c":true},"ix":2},"nm":"y","mn":"ADBE Vector Shape - Group","hd":false}],"nm":"y","np":3,"cix":2,"bm":0,"ix":1,"mn":"ADBE Vector Group","hd":false}]},"fFamily":"Jano Sans Pro"},{"ch":" ","size":30,"style":"Thin","w":25.5,"data":{},"fFamily":"Jano Sans Pro"},{"ch":"P","size":30,"style":"Thin","w":61.5,"data":{"shapes":[{"ty":"gr","it":[{"ind":0,"ty":"sh","ix":1,"ks":{"a":0,"k":{"i":[[0,0],[0,-2.316],[0,0],[0,0],[0,0],[0,0],[-4.733,3.928],[0,6.848],[4.834,3.928],[6.949,0]],"o":[[-2.115,0],[0,0],[0,0],[0,0],[0,0],[7.05,0],[4.733,-3.928],[0,-6.848],[-4.733,-3.928],[0,0]],"v":[[13.293,-73.114],[9.668,-69.287],[9.668,0],[11.884,0],[11.884,-28.903],[31.32,-28.903],[49.045,-34.744],[56.195,-50.958],[48.944,-67.172],[31.32,-73.114]],"c":true},"ix":2},"nm":"P","mn":"ADBE Vector Shape - Group","hd":false},{"ind":1,"ty":"sh","ix":2,"ks":{"a":0,"k":{"i":[[0,0],[0,0],[0,0],[-4.431,-3.525],[0,-6.345],[4.532,-3.525],[6.143,0]],"o":[[0,0],[0,0],[6.143,0],[4.532,3.525],[0,6.345],[-4.431,3.424],[0,0]],"v":[[11.884,-31.119],[11.884,-70.898],[31.32,-70.898],[47.131,-65.662],[53.879,-50.958],[47.131,-36.255],[31.32,-31.119]],"c":true},"ix":2},"nm":"P","mn":"ADBE Vector Shape - Group","hd":false}],"nm":"P","np":5,"cix":2,"bm":0,"ix":1,"mn":"ADBE Vector Group","hd":false}]},"fFamily":"Jano Sans Pro"},{"ch":"a","size":30,"style":"Thin","w":52.5,"data":{"shapes":[{"ty":"gr","it":[{"ind":0,"ty":"sh","ix":1,"ks":{"a":0,"k":{"i":[[10.172,0],[7.15,-2.921],[0,0],[-6.244,0],[0,-11.078],[0,0],[3.525,0],[5.539,-2.014],[0,-5.942],[-8.963,0],[-6.345,4.532],[0,0],[0,0],[0,0]],"o":[[-6.345,0],[0,0],[6.747,-2.719],[8.359,0],[0,0],[-2.921,-0.101],[-6.143,0],[-5.539,2.014],[0,8.157],[7.15,0],[0,0],[0,0],[0,0],[0,-11.581]],"v":[[29.507,-51.059],[9.164,-46.729],[9.97,-44.815],[29.507,-48.944],[42.096,-32.327],[42.096,-26.385],[32.327,-26.587],[15.308,-23.767],[6.345,-11.581],[21.753,0.705],[41.995,-6.143],[42.398,0],[44.211,0],[44.211,-32.327]],"c":true},"ix":2},"nm":"a","mn":"ADBE Vector Shape - Group","hd":false},{"ind":1,"ty":"sh","ix":2,"ks":{"a":0,"k":{"i":[[0,3.726],[-17.926,0],[0,0],[0,0],[3.827,-1.41],[3.424,0],[2.719,1.511]],"o":[[0,-8.661],[0,0],[0,0],[-2.417,2.115],[-3.726,1.41],[-3.525,0],[-2.719,-1.511]],"v":[[8.56,-11.581],[35.449,-24.573],[42.096,-24.573],[42.096,-8.762],[32.73,-3.525],[21.954,-1.41],[12.589,-3.625]],"c":true},"ix":2},"nm":"a","mn":"ADBE Vector Shape - Group","hd":false}],"nm":"a","np":5,"cix":2,"bm":0,"ix":1,"mn":"ADBE Vector Group","hd":false}]},"fFamily":"Jano Sans Pro"},{"ch":"u","size":30,"style":"Thin","w":57.8,"data":{"shapes":[{"ty":"gr","it":[{"ind":0,"ty":"sh","ix":1,"ks":{"a":0,"k":{"i":[[0,0],[6.244,0],[0,9.164],[0,0],[0,0],[0,0],[-9.97,0],[-9.668,4.834],[0,0],[0,0],[0,0],[0,0],[0,0]],"o":[[-9.265,5.035],[-8.963,0],[0,0],[0,0],[0,0],[0,9.97],[5.74,0],[0,0],[0,0],[0,0],[0,0],[0,0],[0,0]],"v":[[46.93,-8.963],[23.666,-1.41],[11.078,-13.898],[11.078,-50.354],[8.963,-50.354],[8.963,-13.092],[23.666,0.705],[46.829,-6.546],[46.829,-6.445],[47.232,0],[49.045,0],[49.045,-50.354],[46.93,-50.354]],"c":true},"ix":2},"nm":"u","mn":"ADBE Vector Shape - Group","hd":false}],"nm":"u","np":3,"cix":2,"bm":0,"ix":1,"mn":"ADBE Vector Group","hd":false}]},"fFamily":"Jano Sans Pro"},{"ch":"l","size":30,"style":"Thin","w":24.8,"data":{"shapes":[{"ty":"gr","it":[{"ind":0,"ty":"sh","ix":1,"ks":{"a":0,"k":{"i":[[-5.942,0],[-0.806,0.101],[0,0],[0.906,0],[0,6.445],[0,0],[0,0],[0,0]],"o":[[0.906,0],[0,0],[-0.604,0.101],[-4.028,0],[0,0],[0,0],[0,0],[0,6.345]],"v":[[19.235,0.705],[21.753,0.504],[21.552,-1.511],[19.235,-1.41],[11.581,-10.071],[11.581,-74.826],[9.467,-74.826],[9.467,-9.97]],"c":true},"ix":2},"nm":"l","mn":"ADBE Vector Shape - Group","hd":false}],"nm":"l","np":3,"cix":2,"bm":0,"ix":1,"mn":"ADBE Vector Group","hd":false}]},"fFamily":"Jano Sans Pro"},{"ch":"F","size":30,"style":"Thin","w":58.7,"data":{"shapes":[{"ty":"gr","it":[{"ind":0,"ty":"sh","ix":1,"ks":{"a":0,"k":{"i":[[0,0],[0,0],[0,-2.115],[0,0],[0,0],[0,0],[0,0],[0,0],[0,0],[0,0],[0,0]],"o":[[0,0],[-2.115,0],[0,0],[0,0],[0,0],[0,0],[0,0],[0,0],[0,0],[0,0],[0,0]],"v":[[53.073,-73.114],[13.495,-73.114],[9.769,-69.287],[9.769,0],[11.984,0],[11.984,-33.536],[48.239,-33.536],[48.239,-35.751],[11.984,-35.751],[11.984,-70.898],[53.073,-70.898]],"c":true},"ix":2},"nm":"F","mn":"ADBE Vector Shape - Group","hd":false}],"nm":"F","np":3,"cix":2,"bm":0,"ix":1,"mn":"ADBE Vector Group","hd":false}]},"fFamily":"Jano Sans Pro"},{"ch":"D","size":30,"style":"Thin","w":68.7,"data":{"shapes":[{"ty":"gr","it":[{"ind":0,"ty":"sh","ix":1,"ks":{"a":0,"k":{"i":[[0,0],[0,-2.316],[0,0],[-2.115,0],[0,0],[-5.136,6.848],[0,9.366],[9.668,7.15],[6.345,0]],"o":[[-2.115,0],[0,0],[0,2.316],[0,0],[9.567,0],[5.136,-6.949],[0,-12.589],[-4.834,-3.525],[0,0]],"v":[[13.193,-73.114],[9.567,-69.287],[9.567,-3.827],[13.193,0],[31.219,0],[54.282,-11.279],[62.338,-36.658],[48.038,-67.776],[31.219,-73.114]],"c":true},"ix":2},"nm":"D","mn":"ADBE Vector Shape - Group","hd":false},{"ind":1,"ty":"sh","ix":2,"ks":{"a":0,"k":{"i":[[0,0],[0,0],[0,0],[-4.532,-3.525],[-2.014,-5.136],[0,-5.64],[8.963,-7.15],[6.143,0]],"o":[[0,0],[0,0],[6.143,0],[4.532,3.525],[2.014,5.035],[0,11.38],[-4.532,3.525],[0,0]],"v":[[11.783,-2.216],[11.783,-70.898],[31.219,-70.898],[47.232,-65.561],[57.001,-52.67],[60.022,-36.658],[47.232,-7.452],[31.219,-2.216]],"c":true},"ix":2},"nm":"D","mn":"ADBE Vector Shape - Group","hd":false}],"nm":"D","np":5,"cix":2,"bm":0,"ix":1,"mn":"ADBE Vector Group","hd":false}]},"fFamily":"Jano Sans Pro"}]}