{"v":"5.6.6","ip":0,"op":160,"fr":60,"w":134,"h":375,"layers":[{"ind":3100,"nm":"surface11095","ao":0,"ip":0,"op":264,"st":0,"ty":4,"ks":{"ty":"tr","o":{"k":100},"r":{"k":0},"p":{"k":[0,0]},"a":{"k":[0,0]},"s":{"k":[133.09,133.33]},"sk":{"k":0},"sa":{"k":0}},"shapes":[{"ty":"gr","hd":false,"nm":"surface11095","it":[{"ty":"gr","hd":false,"it":[{"ty":"gr","hd":false,"it":[{"ty":"sh","ks":{"k":{"i":[[0,0],[-23,-71],[-35,11],[-5.92,8.72],[1.96,4],[2.49,1.17],[7.46,-2.65],[6.21,-19.21],[-5.67,-25.47],[-17.3,-23.37],[0,0],[0,0],[0,0]],"o":[[0,0],[15.44,47.68],[9.88,-3.11],[2.51,-3.68],[-1.33,-2.41],[-7,-3.66],[-19.74,7],[-8.07,25],[6.38,28.51],[2,-7],[0,0],[0,0],[0,0]],"v":[[22.65,4.5],[12.65,141.5],[100.65,206.5],[126.98,188.19],[128.77,175.57],[122.88,170.06],[99.82,169.34],[61.46,213.46],[59.13,292.24],[96.65,370.51],[98.65,288.51],[96.65,370.51],[37.65,327.51]],"c":false}}},{"ty":"st","lc":2,"lj":2,"ml":4,"o":{"k":100},"w":{"k":9},"c":{"k":[0.23,0.55,0.87,1]},"hd":false},{"ty":"tr","o":{"k":100},"r":{"k":0},"p":{"k":[0,0]},"a":{"k":[0,0]},"s":{"k":[75,75]},"sk":{"k":0},"sa":{"k":0},"hd":false}]},{"ty":"tr","o":{"k":100},"r":{"k":0},"p":{"k":[0,0]},"a":{"k":[0,0]},"s":{"k":[100,100]},"sk":{"k":0},"sa":{"k":0},"hd":false}]},{"ty":"tr","o":{"k":100},"r":{"k":0},"p":{"k":[0,0]},"a":{"k":[0,0]},"s":{"k":[100,100]},"sk":{"k":0},"sa":{"k":0},"hd":false}]},{"ty":"tm","s":{"a":0,"k":0,"ix":1},"e":{"a":1,"k":[{"i":{"x":[0.27],"y":[1]},"o":{"x":[0.5],"y":[0]},"t":0,"s":[0]},{"t":66,"s":[100]}],"ix":2},"o":{"a":0,"k":0,"ix":3},"m":1,"ix":2,"hd":false}]}],"meta":{"g":"LF SVG to Lottie"}}